DELETE FROM `Product`;

INSERT INTO `Product` (`item_no`, `name`, `price`, `weight`, `detail`, `brands`, `catagories`, `extra_label`) VALUES
(10001, 'Acacia', 0, 0, 'Your dog will be eating ''green'' with this natural Acacia Wood dog bowl. Plantation grown and renewable Acacia wood in its most natural and elegant form. No two pieces are alike. Suitable for indoors only.', 1, 10000, ''),
(10002, 'Anderson', 0, 0, 'Anything but plain, the simple cylindrical dog feeders are made of Natural Acacia Wood, highlighting its natural beauty.', 1, 10000, ''),
(10003, 'Austin Strap', 4800, 1, 'Straightforward, yet stylish. The Austin Strap Table brings architectural lines to life. The hand-crafted aluminum table, in a polished nickel finish, draws attention to dinnertime unlike any other dining table.', 1, 10000, ''),
(10004, 'Baroque', 1920, 1, 'For the pet lover with traditional style, these high style elevated dog feeders are adorned with acanthus leaves and rope detailing. Finished in an old world oxidized copper finish and made of resin. Suitable for indoors or covered patios', 1, 10000, ''),
(10005, 'Baroque white', 1920, 1, 'The New Baroque in White gives our classic style Baroque a touch of modern. It’s adorned with acanthus leaves and rope detailing and finished in an updated white lacquer. Made from Resin with removable stainless steel liners. Suitable for indoors or covered patios', 1, 10000, ''),
(10006, 'Briggs', 0, 0, 'Made from reclaimed steel drums, the Briggs dish gives a nod to industrial design while being environmentally friendly. Each piece is truly unique in color and texture and finished to maintain that beauty for years of dining enjoyment. Suitable for indoors only.', 1, 10000, ''),
(10007, 'Bruno', 0, 0, 'Symbolic of brute strength, the Bruno Dish has a dramatic physique that is made from cast aluminum with a polished nickel finish. Designed with intimidating spikes and a sleek finish, this bowl will give your beta just the right amount of alpha. Suitable for indoors only', 1, 10000, ''),
(10008, 'Adour', 1280, 1.8, 'Statuary finds function in the Adour Raised Feeder. The dish is made of cast resin and is embellished with scroll work detail in an aged stone finish.', 1, 10000, ''),
(10009, 'High-rise Dish Nickel', 0, 0, 'High-rise Elevated Dog Feeders: Polished Nickel Finish- Design in its purest form, this contemporary High-rise collection of elevated porcelain feeders features a shiny nickel finish. The High-rise feeders provide a stylish accent to your home and your pet''s dining experience.', 1, 10000, ''),
(10010, 'High-rise Dish HG White', 0, 0, 'High-rise Elevated Dog Feeders with High Gloss White- Simple yet practical and with a twist of contemporary, the High-rise Elevated Feeders in classic high-gloss white porcelain are a beautiful dining accent for any pet.', 1, 10000, ''),
(10011, 'Simon', 0, 0, 'A pierced bone pattern adorns this dining table made from mild steel. An urban finish and traditional pattern make this table a perfect fit for all decors. Simon says sit...stay...eat! Made from mild steel with removable stainless steel liners. Suitable for indoors only', 1, 10000, ''),
(10012, 'Mountain Black', 0, 0, 'Hand-made ceremic bowl in mountain shape reflects a unique design that blends nature and functin which can be appreciated by human and pet.', 2, 10000, ''),
(10013, 'Mountain White', 0, 0, 'Hand-made ceremic bowl in mountain shape reflects a unique design that blends nature and functin which can be appreciated by human and pet.', 2, 10000, ''),
(20001, 'Natural rope and leather collar', 0, 0, 'Handcrafted in Brooklyn, NY, the Found collection of collars and leashes blend durability with nautical style. Each collar is constructed using reclaimed leather, navy marine-grade, UV-resistant rope and 100% solid brass hardware.  Attached to each collar is a stamped FOUND tag as a symbol of a celebration of dogs and people finding each other.', 3, 10001, ''),
(20002, 'Black rope and leather', 0, 0, 'Handcrafted in Brooklyn, NY, the Found collection of collars and leashes blend durability with nautical style. Each collar is constructed using reclaimed leather, navy marine-grade, UV-resistant rope and 100% solid brass hardware.  Attached to each collar is a stamped FOUND tag as a symbol of a celebration of dogs and people finding each other.', 3, 10001, ''),
(20003, 'Rescue orange rope and leather collar', 0, 0, 'Handcrafted in Brooklyn, NY, the Found collection of collars and leashes blend durability with nautical style. Each collar is constructed using reclaimed leather, navy marine-grade, UV-resistant rope and 100% solid brass hardware.  Attached to each collar is a stamped FOUND tag as a symbol of a celebration of dogs and people finding each other.', 3, 10001, ''),
(20004, 'Navy rope and leather collar', 0, 0, 'Handcrafted in Brooklyn, NY, the Found collection of collars and leashes blend durability with nautical style. Each collar is constructed using reclaimed leather, navy marine-grade, UV-resistant rope and 100% solid brass hardware.  Attached to each collar is a stamped FOUND tag as a symbol of a celebration of dogs and people finding each other.', 3, 10001, ''),
(20005, 'Black fade rope and leather collar', 0, 0, 'Hand dyed and crafted in Brooklyn, NY, the Found collection of collars and leashes blend durability with nautical style. Each collar is constructed using reclaimed leather, navy marine-grade, UV-resistant rope and 100% solid brass hardware.  Attached to each collar is a stamped FOUND tag as a symbol of a celebration of dogs and people finding each other.', 3, 10001, ''),
(20006, 'Olive fade rope and leather collar', 0, 0, 'Hand dyed and crafted in Brooklyn, NY, the Found collection of collars and leashes blend durability with nautical style. Each collar is constructed using reclaimed leather, navy marine-grade, UV-resistant rope and 100% solid brass hardware.  Attached to each collar is a stamped FOUND tag as a symbol of a celebration of dogs and people finding each other.', 3, 10001, ''),
(20007, 'Buffalo plaid canvas collar', 0, 0, 'The Found My Animal heavy weight commercial grade 100% cotton canvas collar with Buffalo Plaid wool is as rugged as it gets, constructed from cotton canvas with animal-safe wax for waterproofing and  for increased strength and protection. Top stitched for extra durability with industrial contrasting thread. Made from all-weather materials in Brooklyn NY this collar is perfect for the outdoors.\r\n\r\nThe hardware is all 100% solid brass. Attached to each collar is a stamped FOUND tag to help serve as a reminder to our animal''s rescue past.', 3, 10001, ''),
(20008, 'Indigo fade rope and leather collar', 0, 0, 'Hand dyed and crafted in Brooklyn, NY, the Found collection of collars and leashes blend durability with nautical style. Each collar is constructed using reclaimed leather, navy marine-grade, UV-resistant rope and 100% solid brass hardware.  Attached to each collar is a stamped FOUND tag as a symbol of a celebration of dogs and people finding each other.', 3, 10001, ''),
(20009, 'Magenta fade rope and leather collar', 0, 0, 'Hand dyed and crafted in Brooklyn, NY for adopted animals and their people, our leashes are hand-spliced to withstand thousands of pounds of pull with the ends then "whipped" (an old nautical term) for additional durability.\r\n\r\nNothing ages more beautifully than marine-grade rope and hardware. The individually-numbered, stamped tags on each FOUND leash remind us of the uniqueness of our animal, and allow us to keep track of the number of animals we have helped so far.\r\n\r\nHand washable', 3, 10001, ''),
(20010, 'Teal fade rope and leather collar', 0, 0, 'Hand dyed and crafted in Brooklyn, NY for adopted animals and their people, our leashes are hand-spliced to withstand thousands of pounds of pull with the ends then "whipped" (an old nautical term) for additional durability.\r\n\r\nNothing ages more beautifully than marine-grade rope and hardware. The individually-numbered, stamped tags on each FOUND leash remind us of the uniqueness of our animal, and allow us to keep track of the number of animals we have helped so far.\r\n\r\nHand washable', 3, 10001, ''),
(20011, 'Natural rope adjustable leash', 0, 0, 'This classic leash gets more beautiful with age and will last for years to come. Handcrafted in Brooklyn, NY for adopted animals and their people, the leashes are hand-spliced to withstand hundreds of pounds of pull with the ends then "whipped" (an old nautical term) for additional durability. \r\n\r\nNothing ages more beautifully than marine-grade rope and hardware. The individually-numbered, stamped tags on each FOUND leash remind us of the uniqueness of our animal, and allow us to keep track of the number of animals we have helped so far.\r\n\r\nHand washable', 3, 10001, ''),
(20012, 'Black rope adjustable leash', 0, 0, 'This classic leash gets more beautiful with age and will last for years to come. Handcrafted in Brooklyn, NY for adopted animals and their people, our leashes are hand-spliced to withstand hundreds of pounds of pull with the ends then "whipped" (an old nautical term) for additional durability. \r\n\r\nNothing ages more beautifully than marine-grade rope and hardware. The individually-numbered, stamped tags on each FOUND leash remind us of the uniqueness of our animal, and allow us to keep track of the number of animals we have helped so far.\r\n\r\nHand washable', 3, 10001, ''),
(20013, 'Navy rope adjustable leash', 0, 0, 'This classic leash gets more beautiful with age and will last for years to come. Handcrafted in Brooklyn, NY for adopted animals and their people, our leashes are hand-spliced to withstand hundreds of pounds of pull with the ends then "whipped" (an old nautical term) for additional durability. \r\n\r\nNothing ages more beautifully than marine-grade rope and hardware. The individually-numbered, stamped tags on each FOUND leash remind us of the uniqueness of our animal, and allow us to keep track of the number of animals we have helped so far.\r\n\r\nHand washable', 3, 10001, ''),
(20014, 'Rescue orange rope adjustable leash', 0, 0, 'Orange is the color of animal protection awareness. The color is perfect for calling attention to and inspiring conversations about this most important topic.\r\n\r\nHandcrafted in Brooklyn, NY for adopted animals and their people, our dog leashes are hand-spliced to withstand hundreds of pounds of pull with the ends then "whipped" (an old nautical term) for additional durability. \r\n\r\nNothing ages more beautifully than marine-grade rope and hardware. The individually-numbered, stamped tags on each FOUND leash remind us of the uniqueness of our pets, and allow us to keep track of the number of animals we have helped so far.\r\n\r\nHand washable', 3, 10001, ''),
(20015, 'Black fade rope adjustable leash', 0, 0, 'This classic leash gets more beautiful with age and will last for years to come. Handcrafted in Brooklyn, NY for adopted animals and their people, our leashes are hand-spliced to withstand hundreds of pounds of pull with the ends then "whipped" (an old nautical term) for additional durability. \r\n\r\nNothing ages more beautifully than marine-grade rope and hardware. The individually-numbered, stamped tags on each FOUND leash remind us of the uniqueness of our animal, and allow us to keep track of the number of animals we have helped so far.\r\n\r\nHand washable', 3, 10001, ''),
(20016, 'Olive fade rope adjustable leash', 0, 0, 'This classic leash gets more beautiful with age and will last for years to come. Handcrafted in Brooklyn, NY for adopted animals and their people, our leashes are hand-spliced to withstand hundreds of pounds of pull with the ends then "whipped" (an old nautical term) for additional durability. \r\n\r\nNothing ages more beautifully than marine-grade rope and hardware. The individually-numbered, stamped tags on each FOUND leash remind us of the uniqueness of our animal, and allow us to keep track of the number of animals we have helped so far.\r\n\r\nHand washable', 3, 10001, ''),
(20017, 'Indigo fade rope adjustable leash', 0, 0, 'This classic leash gets more beautiful with age and will last for years to come. Handcrafted in Brooklyn, NY for adopted animals and their people, our leashes are hand-spliced to withstand hundreds of pounds of pull with the ends then "whipped" (an old nautical term) for additional durability. \r\n\r\nNothing ages more beautifully than marine-grade rope and hardware. The individually-numbered, stamped tags on each FOUND leash remind us of the uniqueness of our animal, and allow us to keep track of the number of animals we have helped so far.\r\n\r\nHand washable', 3, 10001, ''),
(20018, 'Teal fade rope adjustable leash', 0, 0, 'This classic leash gets more beautiful with age and will last for years to come. Handcrafted in Brooklyn, NY for adopted animals and their people, our leashes are hand-spliced to withstand hundreds of pounds of pull with the ends then "whipped" (an old nautical term) for additional durability. \r\n\r\nNothing ages more beautifully than marine-grade rope and hardware. The individually-numbered, stamped tags on each FOUND leash remind us of the uniqueness of our animal, and allow us to keep track of the number of animals we have helped so far.\r\n\r\nHand washable', 3, 10001, ''),
(20019, 'Magenta fade rope adjustable leash', 0, 0, 'This classic leash gets more beautiful with age and will last for years to come. Handcrafted in Brooklyn, NY for adopted animals and their people, our leashes are hand-spliced to withstand hundreds of pounds of pull with the ends then "whipped" (an old nautical term) for additional durability. \r\n\r\nNothing ages more beautifully than marine-grade rope and hardware. The individually-numbered, stamped tags on each FOUND leash remind us of the uniqueness of our animal, and allow us to keep track of the number of animals we have helped so far.\r\n\r\nHand washable', 3, 10001, ''),
(20020, 'Buffalo Plaid rope adjustable leash', 0, 0, 'This classic leash gets more beautiful with age and will last for years to come. Handcrafted in Brooklyn, NY for adopted animals and their people, our leashes are hand-spliced to withstand hundreds of pounds of pull with the ends then "whipped" (an old nautical term) for additional durability. \r\n\r\nNothing ages more beautifully than marine-grade rope and hardware. The individually-numbered, stamped tags on each FOUND leash remind us of the uniqueness of our animal, and allow us to keep track of the number of animals we have helped so far.\r\n\r\nHand washable', 3, 10001, ''),
(20021, 'Natural rope standard leash', 0, 0, 'Handcrafted in Brooklyn, NY for adopted animals and their people, our leashes are hand-spliced to withstand hundreds of pounds of pull with the ends then "whipped" (an old nautical term) for additional durability. \r\n\r\nNothing ages more beautifully than marine-grade rope and hardware. The individually-numbered, stamped tags on each FOUND leash remind us of the uniqueness of our animal, and allow us to keep track of the number of animals we have helped so far.\r\n\r\nHand washable', 3, 10001, ''),
(20022, 'Black rope standard leash', 0, 0, 'Handcrafted in Brooklyn, NY for adopted animals and their people, our leashes are hand-spliced to withstand hundreds of pounds of pull with the ends then "whipped" (an old nautical term) for additional durability. \r\n\r\nNothing ages more beautifully than marine-grade rope and hardware. The individually-numbered, stamped tags on each FOUND leash remind us of the uniqueness of our animal, and allow us to keep track of the number of animals we have helped so far.\r\n\r\nHand washable', 3, 10001, ''),
(20023, 'Rescue orange standard leash', 0, 0, 'Orange is the color of animal protection awareness. The color is perfect for calling attention to and inspiring conversations about this most important topic.\r\n\r\nHandcrafted in Brooklyn, NY for adopted animals and their people, our dog leashes are hand-spliced to withstand hundreds of pounds of pull with the ends then "whipped" (an old nautical term) for additional durability. \r\n\r\nNothing ages more beautifully than marine-grade rope and hardware. The individually-numbered, stamped tags on each FOUND leash remind us of the uniqueness of our pets, and allow us to keep track of the number of animals we have helped so far.\r\n\r\nHand washable', 3, 10001, ''),
(20024, 'Black Root collar', 0, 0, 'Bold, bright dog gear from Brazil for pups with personality of all shapes and sizes. A striking soft nylon collar; made from premium quality premium nylon, it''s durable, fully adjustable, with a sturdy snap buckle and unique Zee.Dog logo. Made from top quality nylon, it''s perfect for everyday use. Zee.Dog is fun, bright, and never compromises on quality to ensure the safety of your loved pet.\r\n', 4, 10001, ''),
(20025, 'Blue Rio collar', 0, 0, 'Bold, bright dog gear from Brazil for pups with personality of all shapes and sizes. A striking soft nylon collar; made from premium quality premium nylon, it''s durable, fully adjustable, with a sturdy snap buckle and unique Zee.Dog logo. Made from top quality nylon, it''s perfect for everyday use. Zee.Dog is fun, bright, and never compromises on quality to ensure the safety of your loved pet.', 4, 10001, ''),
(20026, 'Pink-a-Boo collar', 0, 0, 'Bold, bright dog gear from Brazil for pups with personality of all shapes and sizes. A striking soft nylon collar; made from premium quality premium nylon, it''s durable, fully adjustable, with a sturdy snap buckle and unique Zee.Dog logo. Made from top quality nylon, it''s perfect for everyday use. Zee.Dog is fun, bright, and never compromises on quality to ensure the safety of your loved pet.', 4, 10001, ''),
(20027, 'Red Monster collar', 0, 0, 'Bold, bright dog gear from Brazil for pups with personality of all shapes and sizes. A striking soft nylon collar; made from premium quality premium nylon, it''s durable, fully adjustable, with a sturdy snap buckle and unique Zee.Dog logo. Made from top quality nylon, it''s perfect for everyday use. Zee.Dog is fun, bright, and never compromises on quality to ensure the safety of your loved pet.', 4, 10001, ''),
(20028, 'Bear and Bean collar', 0, 0, 'Bold, bright dog gear from Brazil for pups with personality of all shapes and sizes. A striking soft nylon collar; made from premium quality premium nylon, it''s durable, fully adjustable, with a sturdy snap buckle and unique Zee.Dog logo. Made from top quality nylon, it''s perfect for everyday use. Zee.Dog is fun, bright, and never compromises on quality to ensure the safety of your loved pet.', 4, 10001, ''),
(20029, 'Driver collar', 0, 0, 'Bold, bright dog gear from Brazil for pups with personality of all shapes and sizes. A striking soft nylon collar; made from premium quality premium nylon, it''s durable, fully adjustable, with a sturdy snap buckle and unique Zee.Dog logo. Made from top quality nylon, it''s perfect for everyday use. Zee.Dog is fun, bright, and never compromises on quality to ensure the safety of your loved pet.', 4, 10001, ''),
(20030, 'Maverick collar', 0, 0, 'Bold, bright dog gear from Brazil for pups with personality of all shapes and sizes. A striking soft nylon collar; made from premium quality premium nylon, it''s durable, fully adjustable, with a sturdy snap buckle and unique Zee.Dog logo. Made from top quality nylon, it''s perfect for everyday use. Zee.Dog is fun, bright, and never compromises on quality to ensure the safety of your loved pet.', 4, 10001, ''),
(20031, 'Mr. West collar', 0, 0, 'Bold, bright dog gear from Brazil for pups with personality of all shapes and sizes. A striking soft nylon collar; made from premium quality premium nylon, it''s durable, fully adjustable, with a sturdy snap buckle and unique Zee.Dog logo. Made from top quality nylon, it''s perfect for everyday use. Zee.Dog is fun, bright, and never compromises on quality to ensure the safety of your loved pet.', 4, 10001, ''),
(20032, 'Honey collar', 0, 0, 'Bold, bright dog gear from Brazil for pups with personality of all shapes and sizes. A striking soft nylon collar; made from premium quality premium nylon, it''s durable, fully adjustable, with a sturdy snap buckle and unique Zee.Dog logo. Made from top quality nylon, it''s perfect for everyday use. Zee.Dog is fun, bright, and never compromises on quality to ensure the safety of your loved pet.', 4, 10001, ''),
(20033, 'Hoorah collar', 0, 0, 'Bold, bright dog gear from Brazil for pups with personality of all shapes and sizes. A striking soft nylon collar; made from premium quality premium nylon, it''s durable, fully adjustable, with a sturdy snap buckle and unique Zee.Dog logo. Made from top quality nylon, it''s perfect for everyday use. Zee.Dog is fun, bright, and never compromises on quality to ensure the safety of your loved pet.', 4, 10001, ''),
(20034, 'Skull collar', 0, 0, 'Bold, bright dog gear from Brazil for pups with personality of all shapes and sizes. A striking soft nylon collar; made from premium quality premium nylon, it''s durable, fully adjustable, with a sturdy snap buckle and unique Zee.Dog logo. Made from top quality nylon, it''s perfect for everyday use. Zee.Dog is fun, bright, and never compromises on quality to ensure the safety of your loved pet.', 4, 10001, ''),
(20035, 'Vice collar', 0, 0, 'Bold, bright dog gear from Brazil for pups with personality of all shapes and sizes. A striking soft nylon collar; made from premium quality premium nylon, it''s durable, fully adjustable, with a sturdy snap buckle and unique Zee.Dog logo. Made from top quality nylon, it''s perfect for everyday use. Zee.Dog is fun, bright, and never compromises on quality to ensure the safety of your loved pet.', 4, 10001, ''),
(20036, 'Candy Bar collar', 0, 0, 'Bold, bright dog gear from Brazil for pups with personality of all shapes and sizes. A striking soft nylon collar; made from premium quality premium nylon, it''s durable, fully adjustable, with a sturdy snap buckle and unique Zee.Dog logo. Made from top quality nylon, it''s perfect for everyday use. Zee.Dog is fun, bright, and never compromises on quality to ensure the safety of your loved pet.', 4, 10001, ''),
(20037, 'Colorbless collar', 0, 0, 'Bold, bright dog gear from Brazil for pups with personality of all shapes and sizes. A striking soft nylon collar; made from premium quality premium nylon, it''s durable, fully adjustable, with a sturdy snap buckle and unique Zee.Dog logo. Made from top quality nylon, it''s perfect for everyday use. Zee.Dog is fun, bright, and never compromises on quality to ensure the safety of your loved pet.', 4, 10001, ''),
(20038, 'Black Root leash', 0, 0, 'Bold, bright dog gear from Brazil for pups with personality of all shapes and sizes. A striking soft nylon collar; made from premium quality premium nylon, it''s durable, fully adjustable, with a sturdy snap buckle and unique Zee.Dog logo. Made from top quality nylon, it''s perfect for everyday use. Zee.Dog is fun, bright, and never compromises on quality to ensure the safety of your loved pet.', 4, 10001, ''),
(20039, 'Red Monster leash', 0, 0, 'Bold, bright dog gear from Brazil for pups with personality of all shapes and sizes. A striking soft nylon collar; made from premium quality premium nylon, it''s durable, fully adjustable, with a sturdy snap buckle and unique Zee.Dog logo. Made from top quality nylon, it''s perfect for everyday use. Zee.Dog is fun, bright, and never compromises on quality to ensure the safety of your loved pet.', 4, 10001, ''),
(20040, 'Pink-a-Boo leash', 0, 0, 'Bold, bright dog gear from Brazil for pups with personality of all shapes and sizes. A striking soft nylon collar; made from premium quality premium nylon, it''s durable, fully adjustable, with a sturdy snap buckle and unique Zee.Dog logo. Made from top quality nylon, it''s perfect for everyday use. Zee.Dog is fun, bright, and never compromises on quality to ensure the safety of your loved pet.', 4, 10001, ''),
(20041, 'Blue Rio leash', 0, 0, 'Bold, bright dog gear from Brazil for pups with personality of all shapes and sizes. A striking soft nylon collar; made from premium quality premium nylon, it''s durable, fully adjustable, with a sturdy snap buckle and unique Zee.Dog logo. Made from top quality nylon, it''s perfect for everyday use. Zee.Dog is fun, bright, and never compromises on quality to ensure the safety of your loved pet.', 4, 10001, ''),
(20042, 'Maverick leash', 0, 0, 'Bold, bright dog gear from Brazil for pups with personality of all shapes and sizes. A striking soft nylon collar; made from premium quality premium nylon, it''s durable, fully adjustable, with a sturdy snap buckle and unique Zee.Dog logo. Made from top quality nylon, it''s perfect for everyday use. Zee.Dog is fun, bright, and never compromises on quality to ensure the safety of your loved pet.', 4, 10001, ''),
(20043, 'Mr. West leash', 0, 0, 'Bold, bright dog gear from Brazil for pups with personality of all shapes and sizes. A striking soft nylon collar; made from premium quality premium nylon, it''s durable, fully adjustable, with a sturdy snap buckle and unique Zee.Dog logo. Made from top quality nylon, it''s perfect for everyday use. Zee.Dog is fun, bright, and never compromises on quality to ensure the safety of your loved pet.', 4, 10001, ''),
(20044, 'Hoorah leash', 0, 0, 'Bold, bright dog gear from Brazil for pups with personality of all shapes and sizes. A striking soft nylon collar; made from premium quality premium nylon, it''s durable, fully adjustable, with a sturdy snap buckle and unique Zee.Dog logo. Made from top quality nylon, it''s perfect for everyday use. Zee.Dog is fun, bright, and never compromises on quality to ensure the safety of your loved pet.', 4, 10001, ''),
(20045, 'Candy Bar leash', 0, 0, 'Bold, bright dog gear from Brazil for pups with personality of all shapes and sizes. A striking soft nylon collar; made from premium quality premium nylon, it''s durable, fully adjustable, with a sturdy snap buckle and unique Zee.Dog logo. Made from top quality nylon, it''s perfect for everyday use. Zee.Dog is fun, bright, and never compromises on quality to ensure the safety of your loved pet.', 4, 10001, ''),
(20046, 'Honey leash', 0, 0, 'Bold, bright dog gear from Brazil for pups with personality of all shapes and sizes. A striking soft nylon collar; made from premium quality premium nylon, it''s durable, fully adjustable, with a sturdy snap buckle and unique Zee.Dog logo. Made from top quality nylon, it''s perfect for everyday use. Zee.Dog is fun, bright, and never compromises on quality to ensure the safety of your loved pet.', 4, 10001, ''),
(20047, 'Driver leash', 0, 0, 'Bold, bright dog gear from Brazil for pups with personality of all shapes and sizes. A striking soft nylon collar; made from premium quality premium nylon, it''s durable, fully adjustable, with a sturdy snap buckle and unique Zee.Dog logo. Made from top quality nylon, it''s perfect for everyday use. Zee.Dog is fun, bright, and never compromises on quality to ensure the safety of your loved pet.', 4, 10001, ''),
(20048, 'Skull leash', 0, 0, 'Bold, bright dog gear from Brazil for pups with personality of all shapes and sizes. A striking soft nylon collar; made from premium quality premium nylon, it''s durable, fully adjustable, with a sturdy snap buckle and unique Zee.Dog logo. Made from top quality nylon, it''s perfect for everyday use. Zee.Dog is fun, bright, and never compromises on quality to ensure the safety of your loved pet.', 4, 10001, ''),
(20049, 'Vice leash', 0, 0, 'Bold, bright dog gear from Brazil for pups with personality of all shapes and sizes. A striking soft nylon collar; made from premium quality premium nylon, it''s durable, fully adjustable, with a sturdy snap buckle and unique Zee.Dog logo. Made from top quality nylon, it''s perfect for everyday use. Zee.Dog is fun, bright, and never compromises on quality to ensure the safety of your loved pet.', 4, 10001, ''),
(20050, 'Colorbless leash', 0, 0, 'Bold, bright dog gear from Brazil for pups with personality of all shapes and sizes. A striking soft nylon collar; made from premium quality premium nylon, it''s durable, fully adjustable, with a sturdy snap buckle and unique Zee.Dog logo. Made from top quality nylon, it''s perfect for everyday use. Zee.Dog is fun, bright, and never compromises on quality to ensure the safety of your loved pet.', 4, 10001, ''),
(20051, 'Bear and Bean leash', 0, 0, 'Bold, bright dog gear from Brazil for pups with personality of all shapes and sizes. A striking soft nylon collar; made from premium quality premium nylon, it''s durable, fully adjustable, with a sturdy snap buckle and unique Zee.Dog logo. Made from top quality nylon, it''s perfect for everyday use. Zee.Dog is fun, bright, and never compromises on quality to ensure the safety of your loved pet.', 4, 10001, ''),
(20052, 'Tyson RUFF leash', 1114, 0.2, 'If your dog pulls you in every direction, the Ruff Leash is made for you. Durable, functional and comfortable, the Ruff Leash is made with premium quality nylon and features a shock-absorbent Polyurethane spring  that allows this dog leash to be flexible, resistant and protects dogs from friction burns. This bold bright dog gear from Brazil for pups comes with personality of all shapes and sizes. Featured with a sturdy carabiner snap hook and a unique Zee.Dog logo. It''s perfect for everyday use. Zee.Dog is fun, bright, and never compromises on quality to ensure the safety of your loved pet.', 4, 10001, ''),
(20053, 'Fatboy RUFF leash', 1114, 0.2, 'If your dog pulls you in every direction, the Ruff Leash is made for you. Durable, functional and comfortable, the Ruff Leash is made with premium quality nylon and features a shock-absorbent Polyurethane spring  that allows this dog leash to be flexible, resistant and protects dogs from friction burns. This bold bright dog gear from Brazil for pups comes with personality of all shapes and sizes. Featured with a sturdy carabiner snap hook and a unique Zee.Dog logo. It''s perfect for everyday use. Zee.Dog is fun, bright, and never compromises on quality to ensure the safety of your loved pet.', 4, 10001, ''),
(20054, 'Laxxx RUFF leash', 1114, 0.2, 'If your dog pulls you in every direction, the Ruff Leash is made for you. Durable, functional and comfortable, the Ruff Leash is made with premium quality nylon and features a shock-absorbent Polyurethane spring  that allows this dog leash to be flexible, resistant and protects dogs from friction burns. This bold bright dog gear from Brazil for pups comes with personality of all shapes and sizes. Featured with a sturdy carabiner snap hook and a unique Zee.Dog logo. It''s perfect for everyday use. Zee.Dog is fun, bright, and never compromises on quality to ensure the safety of your loved pet.', 4, 10001, ''),
(20055, '021 RUFF leash', 1114, 0.2, 'If your dog pulls you in every direction, the Ruff Leash is made for you. Durable, functional and comfortable, the Ruff Leash is made with premium quality nylon and features a shock-absorbent Polyurethane spring  that allows this dog leash to be flexible, resistant and protects dogs from friction burns. This bold bright dog gear from Brazil for pups comes with personality of all shapes and sizes. Featured with a sturdy carabiner snap hook and a unique Zee.Dog logo. It''s perfect for everyday use. Zee.Dog is fun, bright, and never compromises on quality to ensure the safety of your loved pet.', 4, 10001, ''),
(20056, 'Marilyn RUFF leash', 1114, 0.2, 'If your dog pulls you in every direction, the Ruff Leash is made for you. Durable, functional and comfortable, the Ruff Leash is made with premium quality nylon and features a shock-absorbent Polyurethane spring  that allows this dog leash to be flexible, resistant and protects dogs from friction burns. This bold bright dog gear from Brazil for pups comes with personality of all shapes and sizes. Featured with a sturdy carabiner snap hook and a unique Zee.Dog logo. It''s perfect for everyday use. Zee.Dog is fun, bright, and never compromises on quality to ensure the safety of your loved pet.', 4, 10001, ''),
(20057, 'Driver harness', 0, 0, 'This bold bright dog gear from Brazil for pups comes with personality of all shapes and sizes. The Zee Dog soft nylon harness is durable and very well-made. It is fully adjustable which means it fits well and is very comfortable.It has a comfortable, ergonomic shape and is easy to put on and off. You don''t need to pull over your dog''s head as it''s a step-in harness, which is fasten at the back with the sturdy snap buckle.  There are two strong, matt D-rings for the dog lead.', 4, 10001, ''),
(20058, 'Bear and Bean harness', 0, 0, 'This bold bright dog gear from Brazil for pups comes with personality of all shapes and sizes. The Zee Dog soft nylon harness is durable and very well-made. It is fully adjustable which means it fits well and is very comfortable.It has a comfortable, ergonomic shape and is easy to put on and off. You don''t need to pull over your dog''s head as it''s a step-in harness, which is fasten at the back with the sturdy snap buckle.  There are two strong, matt D-rings for the dog lead.', 4, 10001, ''),
(20059, 'Colorbless harness', 0, 0, 'This bold bright dog gear from Brazil for pups comes with personality of all shapes and sizes. The Zee Dog soft nylon harness is durable and very well-made. It is fully adjustable which means it fits well and is very comfortable.It has a comfortable, ergonomic shape and is easy to put on and off. You don''t need to pull over your dog''s head as it''s a step-in harness, which is fasten at the back with the sturdy snap buckle.  There are two strong, matt D-rings for the dog lead.', 4, 10001, ''),
(20060, 'Candy Bar harness', 0, 0, 'This bold bright dog gear from Brazil for pups comes with personality of all shapes and sizes. The Zee Dog soft nylon harness is durable and very well-made. It is fully adjustable which means it fits well and is very comfortable.It has a comfortable, ergonomic shape and is easy to put on and off. You don''t need to pull over your dog''s head as it''s a step-in harness, which is fasten at the back with the sturdy snap buckle.  There are two strong, matt D-rings for the dog lead.', 4, 10001, ''),
(20061, 'Skull harness', 0, 0, 'This bold bright dog gear from Brazil for pups comes with personality of all shapes and sizes. The Zee Dog soft nylon harness is durable and very well-made. It is fully adjustable which means it fits well and is very comfortable.It has a comfortable, ergonomic shape and is easy to put on and off. You don''t need to pull over your dog''s head as it''s a step-in harness, which is fasten at the back with the sturdy snap buckle.  There are two strong, matt D-rings for the dog lead.', 4, 10001, ''),
(20062, 'Honey harness', 0, 0, 'This bold bright dog gear from Brazil for pups comes with personality of all shapes and sizes. The Zee Dog soft nylon harness is durable and very well-made. It is fully adjustable which means it fits well and is very comfortable.It has a comfortable, ergonomic shape and is easy to put on and off. You don''t need to pull over your dog''s head as it''s a step-in harness, which is fasten at the back with the sturdy snap buckle.  There are two strong, matt D-rings for the dog lead.', 4, 10001, ''),
(20063, 'Hoorah harness', 0, 0, 'This bold bright dog gear from Brazil for pups comes with personality of all shapes and sizes. The Zee Dog soft nylon harness is durable and very well-made. It is fully adjustable which means it fits well and is very comfortable.It has a comfortable, ergonomic shape and is easy to put on and off. You don''t need to pull over your dog''s head as it''s a step-in harness, which is fasten at the back with the sturdy snap buckle.  There are two strong, matt D-rings for the dog lead.', 4, 10001, ''),
(30001, 'The Wobble Ball', 685, 0.31, 'Your pup loves to play, and there is nothing more exciting than when food is part of the equation! The P.L.A.Y. Wobble Ball Toy is a treat dispensing toy which will provide hours of interactive fun and enrichment for your dog. It is designed with strong threading to allow parts to be easily cleaned and to stay secure when in use. The wobble ball comes with 3 cloud-shaped openings for easy insertion and removal of treats. Simply put a treat in and reward your dog for their persistence and intelligence! \r\n\r\nThe Wobble Ball Toy is not a chew or fetch toy,but a fun interactive play toy for your pup. Supervise your dog while playing. If you have an aggressive chewer, we do not recommend this toy.', 5, 10002, ''),
(30002, 'Giant Squid', 500, 0.12, 'The P.L.A.Y Under the Sea Dog Toy collection consists of 5 plush toys; a King Crab, Giant Clam, Giant Squid, Green Sea Turtle and Starfish dog toys.\r\n<br><br><ul>\r\n<li>Hand-made craftsmanship, double layer exterior and inverse cross-stitched joints ensure extra durability \r\n</li><li>Each plush toy comes with a squeaker inside, perfect for hours of rambunctious fun \r\n</li><li>AZO-free dye \r\n</li><li>All of our toys meet the same strict quality standards for manufacturing infant and children products. Meet requirements for:<ul>\r\n<li>EN71 - Part 1, 2, 3 & 9 (EU) \r\n</li><li>ASTM F963 (US) toy safety standard \r\n</li><li>REACH - SVHC</li></ul></li></ul>', 5, 10002, ''),
(30003, 'Sea Turtle', 540, 0.07, 'The P.L.A.Y Under the Sea Dog Toy collection consists of 5 plush toys; a King Crab, Giant Clam, Giant Squid, Green Sea Turtle and Starfish dog toys.<br><br><ul><li>Hand-made craftsmanship, double layer exterior and inverse cross-stitched joints ensure extra durability</li><li>Each plush toy comes with a squeaker inside, perfect for hours of rambunctious fun</li><li>AZO-free dye</li><li>All of our toys meet the same strict quality standards for manufacturing infant and children products. Meet requirements for:<ul><li>EN71 - Part 1, 2, 3 & 9 (EU) </li><li>ASTM F963 (US) toy safety standard</li><li>REACH - SVHC</li></ul></li></ul>', 5, 10002, ''),
(30004, 'Giant Clam', 400, 0.05, 'The P.L.A.Y Under the Sea Dog Toy collection consists of 5 plush toys; a King Crab, Giant Clam, Giant Squid, Green Sea Turtle and Starfish dog toys.<br><br><ul><li>Hand-made craftsmanship, double layer exterior and inverse cross-stitched joints ensure extra durability</li><li>Each plush toy comes with a squeaker inside, perfect for hours of rambunctious fun</li><li>AZO-free dye</li><li>All of our toys meet the same strict quality standards for manufacturing infant and children products. Meet requirements for:<ul><li>EN71 - Part 1, 2, 3 & 9 (EU) </li><li>ASTM F963 (US) toy safety standard</li><li>REACH - SVHC</li></ul></li></ul>', 5, 10002, ''),
(30005, 'King Crab', 480, 0.07, 'The P.L.A.Y Under the Sea Dog Toy collection consists of 5 plush toys; a King Crab, Giant Clam, Giant Squid, Green Sea Turtle and Starfish dog toys.<br><br><ul><li>Hand-made craftsmanship, double layer exterior and inverse cross-stitched joints ensure extra durability</li><li>Each plush toy comes with a squeaker inside, perfect for hours of rambunctious fun</li><li>AZO-free dye</li><li>All of our toys meet the same strict quality standards for manufacturing infant and children products. Meet requirements for:<ul><li>EN71 - Part 1, 2, 3 & 9 (EU) </li><li>ASTM F963 (US) toy safety standard</li><li>REACH - SVHC</li></ul></li></ul>', 5, 10002, ''),
(30006, 'Star Fish', 420, 0.05, 'The P.L.A.Y Under the Sea Dog Toy collection consists of 5 plush toys; a King Crab, Giant Clam, Giant Squid, Green Sea Turtle and Starfish dog toys.<br><br><ul><li>Hand-made craftsmanship, double layer exterior and inverse cross-stitched joints ensure extra durability</li><li>Each plush toy comes with a squeaker inside, perfect for hours of rambunctious fun</li><li>AZO-free dye</li><li>All of our toys meet the same strict quality standards for manufacturing infant and children products. Meet requirements for:<ul><li>EN71 - Part 1, 2, 3 & 9 (EU) </li><li>ASTM F963 (US) toy safety standard</li><li>REACH - SVHC</li></ul></li></ul>', 5, 10002, ''),
(30007, 'Zucchini', 400, 0.05, 'The food shaped dog toys are available in 5 tasty options: apples, carrots, peapods, pumpkins and zucchinis - our fruit & veggie toys are part of your pup''s balanced diet!<br><br><ul><li>Hand-made craftsmanship, double layer exterior and inverse cross-stitched joints ensure extra durability</li><li>Fun doggy treat recipe included</li><li>Each plush toy comes with a squeaker inside, perfect for hours of rambunctious fun</li><li>AZO-free dye</li><li>All of our toys meet the same strict quality standards for manufacturing infant and children products. Meet requirements for:<ul><li>EN71 - Part 1, 2, 3 & 9 (EU)</li><li>ASTM F963 (US) toy safety standard</li><li>REACH - SVHC</li></ul></li></ul>', 5, 10002, ''),
(30008, 'Pumpkin', 450, 0.16, 'The food shaped dog toys are available in 5 tasty options: apples, carrots, peapods, pumpkins and zucchinis - our fruit & veggie toys are part of your pup''s balanced diet!<br><br><ul><li>Hand-made craftsmanship, double layer exterior and inverse cross-stitched joints ensure extra durability</li><li>Fun doggy treat recipe included</li><li>Each plush toy comes with a squeaker inside, perfect for hours of rambunctious fun</li><li>AZO-free dye</li><li>All of our toys meet the same strict quality standards for manufacturing infant and children products. Meet requirements for:<ul><li>EN71 - Part 1, 2, 3 & 9 (EU)</li><li>ASTM F963 (US) toy safety standard</li><li>REACH - SVHC</li></ul></li></ul>', 5, 10002, ''),
(30009, 'Peapod', 360, 0.05, 'The food shaped dog toys are available in 5 tasty options: apples, carrots, peapods, pumpkins and zucchinis - our fruit & veggie toys are part of your pup''s balanced diet!<br><br><ul><li>Hand-made craftsmanship, double layer exterior and inverse cross-stitched joints ensure extra durability</li><li>Fun doggy treat recipe included</li><li>Each plush toy comes with a squeaker inside, perfect for hours of rambunctious fun</li><li>AZO-free dye</li><li>All of our toys meet the same strict quality standards for manufacturing infant and children products. Meet requirements for:<ul><li>EN71 - Part 1, 2, 3 & 9 (EU)</li><li>ASTM F963 (US) toy safety standard</li><li>REACH - SVHC</li></ul></li></ul>', 5, 10002, ''),
(30010, 'Carrot', 380, 0.05, 'The food shaped dog toys are available in 5 tasty options: apples, carrots, peapods, pumpkins and zucchinis - our fruit & veggie toys are part of your pup''s balanced diet!<br><br><ul><li>Hand-made craftsmanship, double layer exterior and inverse cross-stitched joints ensure extra durability</li><li>Fun doggy treat recipe included</li><li>Each plush toy comes with a squeaker inside, perfect for hours of rambunctious fun</li><li>AZO-free dye</li><li>All of our toys meet the same strict quality standards for manufacturing infant and children products. Meet requirements for:<ul><li>EN71 - Part 1, 2, 3 & 9 (EU)</li><li>ASTM F963 (US) toy safety standard</li><li>REACH - SVHC</li></ul></li></ul>', 5, 10002, ''),
(30011, 'Apple', 400, 0.12, 'The food shaped dog toys are available in 5 tasty options: apples, carrots, peapods, pumpkins and zucchinis - our fruit & veggie toys are part of your pup''s balanced diet!<br><br><ul><li>Hand-made craftsmanship, double layer exterior and inverse cross-stitched joints ensure extra durability</li><li>Fun doggy treat recipe included</li><li>Each plush toy comes with a squeaker inside, perfect for hours of rambunctious fun</li><li>AZO-free dye</li><li>All of our toys meet the same strict quality standards for manufacturing infant and children products. Meet requirements for:<ul><li>EN71 - Part 1, 2, 3 & 9 (EU)</li><li>ASTM F963 (US) toy safety standard</li><li>REACH - SVHC</li></ul></li></ul>', 5, 10002, ''),
(30012, 'Artie the Alligator', 0, 0, 'Jax and bones The Original Good Karma Rope Toys are hand tied and dyed using non-toxic vegetable dyes. As your dog chews, the rope toys fray and act like doggie dental floss! Dip toys in water and freeze them to cool down a hot dog or soothe a teether! Why ''good karma''? 10% of the proceeds from these toys are given to rescue and animal welfare groups.<br><br>Since all dogs have different chewing habits, please follow our suggestions listed below to assure safe play time.<br><br><ul><li>Artie the Alligator is good for heavy chewers</li><li>Recommended for puppies who are teething or for dogs who like to CHEW, PLAY, TUG or FETCH</li><li>Always supervise the pet during play and never let the pet eat or ingest any part of this toy.</li><li>Aways choose a LARGE SIZE if you know you have an aggressive chewer (even if you have a 10lb dog)</li><li>Choose the Elephant, Giraffe, Monkey, or Lobster if you have a dog that is more aggressive with their toys or likes to fetch.</li></ul>', 6, 10002, ''),
(30013, 'Dave the Dinosaur', 0, 0, 'Jax and bones The Original Good Karma Rope Toys are hand tied and dyed using non-toxic vegetable dyes. As your dog chews, the rope toys fray and act like doggie dental floss! Dip toys in water and freeze them to cool down a hot dog or soothe a teether! Why ''good karma''? 10% of the proceeds from these toys are given to rescue and animal welfare groups.<br><br>Since all dogs have different chewing habits, please follow our suggestions listed below to assure safe play time.<br><br><ul><li>Dave the Dinosaur is good for heavy chewers</li><li>Recommended for puppies who are teething or for dogs who like to CHEW, PLAY, TUG or FETCH</li><li>Always supervise the pet during play and never let the pet eat or ingest any part of this toy.</li><li>Aways choose a LARGE SIZE if you know you have an aggressive chewer (even if you have a 10lb dog)</li><li>Choose the Elephant, Giraffe, Monkey, or Lobster if you have a dog that is more aggressive with their toys or likes to fetch.</li></ul>', 6, 10002, ''),
(30014, 'Anchor Royal', 467, 0.13, 'Jax and bones The Original Good Karma Rope Toys are hand tied and dyed using non-toxic vegetable dyes. As your dog chews, the rope toys fray and act like doggie dental floss! Dip toys in water and freeze them to cool down a hot dog or soothe a teether! Why ''good karma''? 10% of the proceeds from these toys are given to rescue and animal welfare groups.<br><br>Since all dogs have different chewing habits, please follow our suggestions listed below to assure safe play time.<br><br><ul><li>Anchor is good for light chewers</li><li>Recommended for puppies who are teething or for dogs who like to CHEW, PLAY, TUG or FETCH</li><li>Always supervise the pet during play and never let the pet eat or ingest any part of this toy.</li><li>Aways choose a LARGE SIZE if you know you have an aggressive chewer (even if you have a 10lb dog)</li><li>Choose the Elephant, Giraffe, Monkey, or Lobster if you have a dog that is more aggressive with their toys or likes to fetch.</li></ul>', 6, 10002, ''),
(30015, 'Life Saver', 467, 0.13, 'Jax and bones The Original Good Karma Rope Toys are hand tied and dyed using non-toxic vegetable dyes. As your dog chews, the rope toys fray and act like doggie dental floss! Dip toys in water and freeze them to cool down a hot dog or soothe a teether! Why ''good karma''? 10% of the proceeds from these toys are given to rescue and animal welfare groups.<br><br>Since all dogs have different chewing habits, please follow our suggestions listed below to assure safe play time.<br><br><ul><li>Anchor is good for light chewers</li><li>Recommended for puppies who are teething or for dogs who like to CHEW, PLAY, TUG or FETCH</li><li>Always supervise the pet during play and never let the pet eat or ingest any part of this toy.</li><li>Aways choose a LARGE SIZE if you know you have an aggressive chewer (even if you have a 10lb dog)</li><li>Choose the Elephant, Giraffe, Monkey, or Lobster if you have a dog that is more aggressive with their toys or likes to fetch.</li></ul>', 6, 10002, ''),
(30016, 'Wheel', 467, 0.17, 'Jax and bones The Original Good Karma Rope Toys are hand tied and dyed using non-toxic vegetable dyes. As your dog chews, the rope toys fray and act like doggie dental floss! Dip toys in water and freeze them to cool down a hot dog or soothe a teether! Why ''good karma''? 10% of the proceeds from these toys are given to rescue and animal welfare groups.<br><br>Since all dogs have different chewing habits, please follow our suggestions listed below to assure safe play time.<br><br><ul><li>Wheel is good for light chewers</li><li>Recommended for puppies who are teething or for dogs who like to CHEW, PLAY, TUG or FETCH</li><li>Always supervise the pet during play and never let the pet eat or ingest any part of this toy.</li><li>Aways choose a LARGE SIZE if you know you have an aggressive chewer (even if you have a 10lb dog)</li><li>Choose the Elephant, Giraffe, Monkey, or Lobster if you have a dog that is more aggressive with their toys or likes to fetch.</li></ul>', 6, 10002, '');
INSERT INTO `Product` (`item_no`, `name`, `price`, `weight`, `detail`, `brands`, `catagories`, `extra_label`) VALUES
(30017, 'Wilamena the Whale', 0, 0, 'Jax and bones The Original Good Karma Rope Toys are hand tied and dyed using non-toxic vegetable dyes. As your dog chews, the rope toys fray and act like doggie dental floss! Dip toys in water and freeze them to cool down a hot dog or soothe a teether! Why ''good karma''? 10% of the proceeds from these toys are given to rescue and animal welfare groups.<br><br>Since all dogs have different chewing habits, please follow our suggestions listed below to assure safe play time.<br><br><ul><li>Wilamena the Whale is good for light chewers</li><li>Recommended for puppies who are teething or for dogs who like to CHEW, PLAY, TUG or FETCH</li><li>Always supervise the pet during play and never let the pet eat or ingest any part of this toy.</li><li>Aways choose a LARGE SIZE if you know you have an aggressive chewer (even if you have a 10lb dog)</li><li>Choose the Elephant, Giraffe, Monkey, or Lobster if you have a dog that is more aggressive with their toys or likes to fetch.</li></ul>', 6, 10002, ''),
(30018, 'Danny the Dolphin', 0, 0, 'Jax and bones The Original Good Karma Rope Toys are hand tied and dyed using non-toxic vegetable dyes. As your dog chews, the rope toys fray and act like doggie dental floss! Dip toys in water and freeze them to cool down a hot dog or soothe a teether! Why ''good karma''? 10% of the proceeds from these toys are given to rescue and animal welfare groups.<br><br>Since all dogs have different chewing habits, please follow our suggestions listed below to assure safe play time.<br><br><ul><li>Danny the Dolphin is good for heavy chewers</li><li>Recommended for puppies who are teething or for dogs who like to CHEW, PLAY, TUG or FETCH</li><li>Always supervise the pet during play and never let the pet eat or ingest any part of this toy.</li><li>Aways choose a LARGE SIZE if you know you have an aggressive chewer (even if you have a 10lb dog)</li><li>Choose the Elephant, Giraffe, Monkey, or Lobster if you have a dog that is more aggressive with their toys or likes to fetch.</li></ul>', 6, 10002, ''),
(30019, 'Pepper the Penguin', 498, 0.25, 'Jax and bones The Original Good Karma Rope Toys are hand tied and dyed using non-toxic vegetable dyes. As your dog chews, the rope toys fray and act like doggie dental floss! Dip toys in water and freeze them to cool down a hot dog or soothe a teether! Why ''good karma''? 10% of the proceeds from these toys are given to rescue and animal welfare groups.<br><br>Since all dogs have different chewing habits, please follow our suggestions listed below to assure safe play time.<br><br><ul><li>Pepper the Penguin is good for heavy chewers</li><li>Recommended for puppies who are teething or for dogs who like to CHEW, PLAY, TUG or FETCH</li><li>Always supervise the pet during play and never let the pet eat or ingest any part of this toy.</li><li>Aways choose a LARGE SIZE if you know you have an aggressive chewer (even if you have a 10lb dog)</li><li>Choose the Elephant, Giraffe, Monkey, or Lobster if you have a dog that is more aggressive with their toys or likes to fetch.</li></ul>', 6, 10002, ''),
(30020, 'Elton the Octopus', 0, 0, 'Jax and bones The Original Good Karma Rope Toys are hand tied and dyed using non-toxic vegetable dyes. As your dog chews, the rope toys fray and act like doggie dental floss! Dip toys in water and freeze them to cool down a hot dog or soothe a teether! Why ''good karma''? 10% of the proceeds from these toys are given to rescue and animal welfare groups.<br><br>Since all dogs have different chewing habits, please follow our suggestions listed below to assure safe play time.<br><br><ul><li>Alton the Octopus is good for light chewers</li><li>Recommended for puppies who are teething or for dogs who like to CHEW, PLAY, TUG or FETCH</li><li>Always supervise the pet during play and never let the pet eat or ingest any part of this toy.</li><li>Aways choose a LARGE SIZE if you know you have an aggressive chewer (even if you have a 10lb dog)</li><li>Choose the Elephant, Giraffe, Monkey, or Lobster if you have a dog that is more aggressive with their toys or likes to fetch.</li></ul>', 6, 10002, ''),
(30021, 'Louie the Lobster', 0, 0, 'Jax and bones The Original Good Karma Rope Toys are hand tied and dyed using non-toxic vegetable dyes. As your dog chews, the rope toys fray and act like doggie dental floss! Dip toys in water and freeze them to cool down a hot dog or soothe a teether! Why ''good karma''? 10% of the proceeds from these toys are given to rescue and animal welfare groups.<br><br>Since all dogs have different chewing habits, please follow our suggestions listed below to assure safe play time.<br><br><ul><li>Louie the Lobster is good for Heavy chewers</li><li>Recommended for puppies who are teething or for dogs who like to CHEW, PLAY, TUG or FETCH</li><li>Always supervise the pet during play and never let the pet eat or ingest any part of this toy.</li><li>Aways choose a LARGE SIZE if you know you have an aggressive chewer (even if you have a 10lb dog)</li><li>Choose the Elephant, Giraffe, Monkey, or Lobster if you have a dog that is more aggressive with their toys or likes to fetch.</li></ul>', 6, 10002, ''),
(30022, 'Kramer the Crab', 0, 0, 'Jax and bones The Original Good Karma Rope Toys are hand tied and dyed using non-toxic vegetable dyes. As your dog chews, the rope toys fray and act like doggie dental floss! Dip toys in water and freeze them to cool down a hot dog or soothe a teether! Why ''good karma''? 10% of the proceeds from these toys are given to rescue and animal welfare groups.<br><br>Since all dogs have different chewing habits, please follow our suggestions listed below to assure safe play time.<br><br><ul><li>Kramer the Crab is good for Light chewers</li><li>Recommended for puppies who are teething or for dogs who like to CHEW, PLAY, TUG or FETCH</li><li>Always supervise the pet during play and never let the pet eat or ingest any part of this toy.</li><li>Aways choose a LARGE SIZE if you know you have an aggressive chewer (even if you have a 10lb dog)</li><li>Choose the Elephant, Giraffe, Monkey, or Lobster if you have a dog that is more aggressive with their toys or likes to fetch.</li></ul>', 6, 10002, ''),
(30023, 'Timmi the Tiger', 0, 0, 'Jax and bones The Original Good Karma Rope Toys are hand tied and dyed using non-toxic vegetable dyes. As your dog chews, the rope toys fray and act like doggie dental floss! Dip toys in water and freeze them to cool down a hot dog or soothe a teether! Why ''good karma''? 10% of the proceeds from these toys are given to rescue and animal welfare groups.<br><br>Since all dogs have different chewing habits, please follow our suggestions listed below to assure safe play time.<br><br><ul><li>Timmi the Tiger is good for Light chewers</li><li>Recommended for puppies who are teething or for dogs who like to CHEW, PLAY, TUG or FETCH</li><li>Always supervise the pet during play and never let the pet eat or ingest any part of this toy.</li><li>Aways choose a LARGE SIZE if you know you have an aggressive chewer (even if you have a 10lb dog)</li><li>Choose the Elephant, Giraffe, Monkey, or Lobster if you have a dog that is more aggressive with their toys or likes to fetch.</li></ul>', 6, 10002, ''),
(30024, 'Petey the Panda', 0, 0, 'Jax and bones The Original Good Karma Rope Toys are hand tied and dyed using non-toxic vegetable dyes. As your dog chews, the rope toys fray and act like doggie dental floss! Dip toys in water and freeze them to cool down a hot dog or soothe a teether! Why ''good karma''? 10% of the proceeds from these toys are given to rescue and animal welfare groups.<br><br>Since all dogs have different chewing habits, please follow our suggestions listed below to assure safe play time.<br><br><ul><li>Petey the Pandar is good for Light chewers</li><li>Recommended for puppies who are teething or for dogs who like to CHEW, PLAY, TUG or FETCH</li><li>Always supervise the pet during play and never let the pet eat or ingest any part of this toy.</li><li>Aways choose a LARGE SIZE if you know you have an aggressive chewer (even if you have a 10lb dog)</li><li>Choose the Elephant, Giraffe, Monkey, or Lobster if you have a dog that is more aggressive with their toys or likes to fetch.</li></ul>', 6, 10002, ''),
(30025, 'Jerry the Giraffe', 0, 0, 'Jax and bones The Original Good Karma Rope Toys are hand tied and dyed using non-toxic vegetable dyes. As your dog chews, the rope toys fray and act like doggie dental floss! Dip toys in water and freeze them to cool down a hot dog or soothe a teether! Why ''good karma''? 10% of the proceeds from these toys are given to rescue and animal welfare groups.<br><br>Since all dogs have different chewing habits, please follow our suggestions listed below to assure safe play time.<br><br><ul><li>Jerry the Giraffe is good for Heavy chewers</li><li>Recommended for puppies who are teething or for dogs who like to CHEW, PLAY, TUG or FETCH</li><li>Always supervise the pet during play and never let the pet eat or ingest any part of this toy.</li><li>Aways choose a LARGE SIZE if you know you have an aggressive chewer (even if you have a 10lb dog)</li><li>Choose the Elephant, Giraffe, Monkey, or Lobster if you have a dog that is more aggressive with their toys or likes to fetch.</li></ul>', 6, 10002, ''),
(30026, 'Larry the Lion', 0, 0, 'Jax and bones The Original Good Karma Rope Toys are hand tied and dyed using non-toxic vegetable dyes. As your dog chews, the rope toys fray and act like doggie dental floss! Dip toys in water and freeze them to cool down a hot dog or soothe a teether! Why ''good karma''? 10% of the proceeds from these toys are given to rescue and animal welfare groups.<br><br>Since all dogs have different chewing habits, please follow our suggestions listed below to assure safe play time.<br><br><ul><li>Larry the Lion is good for Light chewers</li><li>Recommended for puppies who are teething or for dogs who like to CHEW, PLAY, TUG or FETCH</li><li>Always supervise the pet during play and never let the pet eat or ingest any part of this toy.</li><li>Aways choose a LARGE SIZE if you know you have an aggressive chewer (even if you have a 10lb dog)</li><li>Choose the Elephant, Giraffe, Monkey, or Lobster if you have a dog that is more aggressive with their toys or likes to fetch.</li></ul>', 6, 10002, ''),
(30027, 'Boomer the Squirrel', 0, 0, 'Jax and bones The Original Good Karma Rope Toys are hand tied and dyed using non-toxic vegetable dyes. As your dog chews, the rope toys fray and act like doggie dental floss! Dip toys in water and freeze them to cool down a hot dog or soothe a teether! Why ''good karma''? 10% of the proceeds from these toys are given to rescue and animal welfare groups.<br><br>Since all dogs have different chewing habits, please follow our suggestions listed below to assure safe play time.<br><br><ul><li>Boomer the Squirrel is good for Heavy chewers</li><li>Recommended for puppies who are teething or for dogs who like to CHEW, PLAY, TUG or FETCH</li><li>Always supervise the pet during play and never let the pet eat or ingest any part of this toy.</li><li>Aways choose a LARGE SIZE if you know you have an aggressive chewer (even if you have a 10lb dog)</li><li>Choose the Elephant, Giraffe, Monkey, or Lobster if you have a dog that is more aggressive with their toys or likes to fetch.</li></ul>', 6, 10002, ''),
(30028, 'Jackie the Bear', 0, 0, 'Jax and bones The Original Good Karma Rope Toys are hand tied and dyed using non-toxic vegetable dyes. As your dog chews, the rope toys fray and act like doggie dental floss! Dip toys in water and freeze them to cool down a hot dog or soothe a teether! Why ''good karma''? 10% of the proceeds from these toys are given to rescue and animal welfare groups.<br><br>Since all dogs have different chewing habits, please follow our suggestions listed below to assure safe play time.<br><br><ul><li>Jackie the Bear is good for Light chewers</li><li>Recommended for puppies who are teething or for dogs who like to CHEW, PLAY, TUG or FETCH</li><li>Always supervise the pet during play and never let the pet eat or ingest any part of this toy.</li><li>Aways choose a LARGE SIZE if you know you have an aggressive chewer (even if you have a 10lb dog)</li><li>Choose the Elephant, Giraffe, Monkey, or Lobster if you have a dog that is more aggressive with their toys or likes to fetch.</li></ul>', 6, 10002, ''),
(30029, 'Hank the Hippo', 498, 0.25, 'Jax and bones The Original Good Karma Rope Toys are hand tied and dyed using non-toxic vegetable dyes. As your dog chews, the rope toys fray and act like doggie dental floss! Dip toys in water and freeze them to cool down a hot dog or soothe a teether! Why ''good karma''? 10% of the proceeds from these toys are given to rescue and animal welfare groups.<br><br>Since all dogs have different chewing habits, please follow our suggestions listed below to assure safe play time.<br><br><ul><li>Hank the Hippo is good for Heavy chewers</li><li>Recommended for puppies who are teething or for dogs who like to CHEW, PLAY, TUG or FETCH</li><li>Always supervise the pet during play and never let the pet eat or ingest any part of this toy.</li><li>Aways choose a LARGE SIZE if you know you have an aggressive chewer (even if you have a 10lb dog)</li><li>Choose the Elephant, Giraffe, Monkey, or Lobster if you have a dog that is more aggressive with their toys or likes to fetch.</li></ul>', 6, 10002, ''),
(30030, 'Daisy the Duck', 0, 0, 'Jax and bones The Original Good Karma Rope Toys are hand tied and dyed using non-toxic vegetable dyes. As your dog chews, the rope toys fray and act like doggie dental floss! Dip toys in water and freeze them to cool down a hot dog or soothe a teether! Why ''good karma''? 10% of the proceeds from these toys are given to rescue and animal welfare groups.<br><br>Since all dogs have different chewing habits, please follow our suggestions listed below to assure safe play time.<br><br><ul><li>Daisy the Duck is good for Light chewers</li><li>Recommended for puppies who are teething or for dogs who like to CHEW, PLAY, TUG or FETCH</li><li>Always supervise the pet during play and never let the pet eat or ingest any part of this toy.</li><li>Aways choose a LARGE SIZE if you know you have an aggressive chewer (even if you have a 10lb dog)</li><li>Choose the Elephant, Giraffe, Monkey, or Lobster if you have a dog that is more aggressive with their toys or likes to fetch.</li></ul>', 6, 10002, ''),
(30031, 'Coco the Elephant', 0, 0, 'Jax and bones The Original Good Karma Rope Toys are hand tied and dyed using non-toxic vegetable dyes. As your dog chews, the rope toys fray and act like doggie dental floss! Dip toys in water and freeze them to cool down a hot dog or soothe a teether! Why ''good karma''? 10% of the proceeds from these toys are given to rescue and animal welfare groups.<br><br>Since all dogs have different chewing habits, please follow our suggestions listed below to assure safe play time.<br><br><ul><li>Coco the Elephant is good for Heavy chewers</li><li>Recommended for puppies who are teething or for dogs who like to CHEW, PLAY, TUG or FETCH</li><li>Always supervise the pet during play and never let the pet eat or ingest any part of this toy.</li><li>Aways choose a LARGE SIZE if you know you have an aggressive chewer (even if you have a 10lb dog)</li><li>Choose the Elephant, Giraffe, Monkey, or Lobster if you have a dog that is more aggressive with their toys or likes to fetch.</li></ul>', 6, 10002, ''),
(30032, 'Snowman', 436, 0.14, 'Jax and bones The Original Good Karma Rope Toys are hand tied and dyed using non-toxic vegetable dyes. As your dog chews, the rope toys fray and act like doggie dental floss! Dip toys in water and freeze them to cool down a hot dog or soothe a teether! Why ''good karma''? 10% of the proceeds from these toys are given to rescue and animal welfare groups.<br><br>Since all dogs have different chewing habits, please follow our suggestions listed below to assure safe play time.<br><br><ul><li>Snowman is good for Light chewers</li><li>Recommended for puppies who are teething or for dogs who like to CHEW, PLAY, TUG or FETCH</li><li>Always supervise the pet during play and never let the pet eat or ingest any part of this toy.</li><li>Aways choose a LARGE SIZE if you know you have an aggressive chewer (even if you have a 10lb dog)</li><li>Choose the Elephant, Giraffe, Monkey, or Lobster if you have a dog that is more aggressive with their toys or likes to fetch.</li></ul>', 6, 10002, ''),
(30033, 'Holiday Ring', 0, 0, 'Jax and bones The Original Good Karma Rope Toys are hand tied and dyed using non-toxic vegetable dyes. As your dog chews, the rope toys fray and act like doggie dental floss! Dip toys in water and freeze them to cool down a hot dog or soothe a teether! Why ''good karma''? 10% of the proceeds from these toys are given to rescue and animal welfare groups.<br><br>Since all dogs have different chewing habits, please follow our suggestions listed below to assure safe play time.<br><br><ul><li>Holiday Ring is good for Light chewers</li><li>Recommended for puppies who are teething or for dogs who like to CHEW, PLAY, TUG or FETCH</li><li>Always supervise the pet during play and never let the pet eat or ingest any part of this toy.</li><li>Aways choose a LARGE SIZE if you know you have an aggressive chewer (even if you have a 10lb dog)</li><li>Choose the Elephant, Giraffe, Monkey, or Lobster if you have a dog that is more aggressive with their toys or likes to fetch.</li></ul>', 6, 10002, ''),
(30034, 'Gingerbread', 436, 0.1, 'Jax and bones The Original Good Karma Rope Toys are hand tied and dyed using non-toxic vegetable dyes. As your dog chews, the rope toys fray and act like doggie dental floss! Dip toys in water and freeze them to cool down a hot dog or soothe a teether! Why ''good karma''? 10% of the proceeds from these toys are given to rescue and animal welfare groups.<br><br>Since all dogs have different chewing habits, please follow our suggestions listed below to assure safe play time.<br><br><ul><li>Gingerbread is good for Light chewers</li><li>Recommended for puppies who are teething or for dogs who like to CHEW, PLAY, TUG or FETCH</li><li>Always supervise the pet during play and never let the pet eat or ingest any part of this toy.</li><li>Aways choose a LARGE SIZE if you know you have an aggressive chewer (even if you have a 10lb dog)</li><li>Choose the Elephant, Giraffe, Monkey, or Lobster if you have a dog that is more aggressive with their toys or likes to fetch.</li></ul>', 6, 10002, ''),
(30035, 'Candy Cane', 375, 0.1, 'Jax and bones The Original Good Karma Rope Toys are hand tied and dyed using non-toxic vegetable dyes. As your dog chews, the rope toys fray and act like doggie dental floss! Dip toys in water and freeze them to cool down a hot dog or soothe a teether! Why ''good karma''? 10% of the proceeds from these toys are given to rescue and animal welfare groups.<br><br>Since all dogs have different chewing habits, please follow our suggestions listed below to assure safe play time.<br><br><ul><li>Candy Cane is good for Light chewers</li><li>Recommended for puppies who are teething or for dogs who like to CHEW, PLAY, TUG or FETCH</li><li>Always supervise the pet during play and never let the pet eat or ingest any part of this toy.</li><li>Aways choose a LARGE SIZE if you know you have an aggressive chewer (even if you have a 10lb dog)</li><li>Choose the Elephant, Giraffe, Monkey, or Lobster if you have a dog that is more aggressive with their toys or likes to fetch.</li></ul>', 6, 10002, ''),
(30036, 'Snowflake', 375, 0.08, 'Jax and bones The Original Good Karma Rope Toys are hand tied and dyed using non-toxic vegetable dyes. As your dog chews, the rope toys fray and act like doggie dental floss! Dip toys in water and freeze them to cool down a hot dog or soothe a teether! Why ''good karma''? 10% of the proceeds from these toys are given to rescue and animal welfare groups.<br><br>Since all dogs have different chewing habits, please follow our suggestions listed below to assure safe play time.<br><br><ul><li>Snowflake is good for Light chewers</li><li>Recommended for puppies who are teething or for dogs who like to CHEW, PLAY, TUG or FETCH</li><li>Always supervise the pet during play and never let the pet eat or ingest any part of this toy.</li><li>Aways choose a LARGE SIZE if you know you have an aggressive chewer (even if you have a 10lb dog)</li><li>Choose the Elephant, Giraffe, Monkey, or Lobster if you have a dog that is more aggressive with their toys or likes to fetch.</li></ul>', 6, 10002, ''),
(30037, 'Flower', 375, 0.21, 'Jax and bones The Original Good Karma Rope Toys are hand tied and dyed using non-toxic vegetable dyes. As your dog chews, the rope toys fray and act like doggie dental floss! Dip toys in water and freeze them to cool down a hot dog or soothe a teether! Why ''good karma''? 10% of the proceeds from these toys are given to rescue and animal welfare groups.<br><br>Since all dogs have different chewing habits, please follow our suggestions listed below to assure safe play time.<br><br><ul><li>Flower is good for Light chewers</li><li>Recommended for puppies who are teething or for dogs who like to CHEW, PLAY, TUG or FETCH</li><li>Always supervise the pet during play and never let the pet eat or ingest any part of this toy.</li><li>Aways choose a LARGE SIZE if you know you have an aggressive chewer (even if you have a 10lb dog)</li><li>Choose the Elephant, Giraffe, Monkey, or Lobster if you have a dog that is more aggressive with their toys or likes to fetch.</li></ul>', 6, 10002, ''),
(30038, 'Peace Sign', 467, 0.21, 'Jax and bones The Original Good Karma Rope Toys are hand tied and dyed using non-toxic vegetable dyes. As your dog chews, the rope toys fray and act like doggie dental floss! Dip toys in water and freeze them to cool down a hot dog or soothe a teether! Why ''good karma''? 10% of the proceeds from these toys are given to rescue and animal welfare groups.<br><br>Since all dogs have different chewing habits, please follow our suggestions listed below to assure safe play time.<br><br><ul><li>Peace Sign is good for Light chewers</li><li>Recommended for puppies who are teething or for dogs who like to CHEW, PLAY, TUG or FETCH</li><li>Always supervise the pet during play and never let the pet eat or ingest any part of this toy.</li><li>Aways choose a LARGE SIZE if you know you have an aggressive chewer (even if you have a 10lb dog)</li><li>Choose the Elephant, Giraffe, Monkey, or Lobster if you have a dog that is more aggressive with their toys or likes to fetch.</li></ul>', 6, 10002, ''),
(30039, 'Daphne the Deer', 498, 0.25, 'Jax and bones The Original Good Karma Rope Toys are hand tied and dyed using non-toxic vegetable dyes. As your dog chews, the rope toys fray and act like doggie dental floss! Dip toys in water and freeze them to cool down a hot dog or soothe a teether! Why ''good karma''? 10% of the proceeds from these toys are given to rescue and animal welfare groups.<br><br>Since all dogs have different chewing habits, please follow our suggestions listed below to assure safe play time.<br><br><ul><li>Daphne the Deer is good for Heavy chewers</li><li>Recommended for puppies who are teething or for dogs who like to CHEW, PLAY, TUG or FETCH</li><li>Always supervise the pet during play and never let the pet eat or ingest any part of this toy.</li><li>Aways choose a LARGE SIZE if you know you have an aggressive chewer (even if you have a 10lb dog)</li><li>Choose the Elephant, Giraffe, Monkey, or Lobster if you have a dog that is more aggressive with their toys or likes to fetch.</li></ul>', 6, 10002, ''),
(30040, 'Sid the Squid', 0, 0, 'Jax and bones The Original Good Karma Rope Toys are hand tied and dyed using non-toxic vegetable dyes. As your dog chews, the rope toys fray and act like doggie dental floss! Dip toys in water and freeze them to cool down a hot dog or soothe a teether! Why ''good karma''? 10% of the proceeds from these toys are given to rescue and animal welfare groups.<br><br>Since all dogs have different chewing habits, please follow our suggestions listed below to assure safe play time.<br><br><ul><li>Sid the Squid is good for Heavy chewers</li><li>Recommended for puppies who are teething or for dogs who like to CHEW, PLAY, TUG or FETCH</li><li>Always supervise the pet during play and never let the pet eat or ingest any part of this toy.</li><li>Aways choose a LARGE SIZE if you know you have an aggressive chewer (even if you have a 10lb dog)</li><li>Choose the Elephant, Giraffe, Monkey, or Lobster if you have a dog that is more aggressive with their toys or likes to fetch.</li></ul>', 6, 10002, ''),
(30041, 'Chain of Hearts', 576, 0.3, 'Jax and bones The Original Good Karma Rope Toys are hand tied and dyed using non-toxic vegetable dyes. As your dog chews, the rope toys fray and act like doggie dental floss! Dip toys in water and freeze them to cool down a hot dog or soothe a teether! Why ''good karma''? 10% of the proceeds from these toys are given to rescue and animal welfare groups.<br><br>Since all dogs have different chewing habits, please follow our suggestions listed below to assure safe play time.<br><br><ul><li>Chain of Heart is good for Light chewers</li><li>Recommended for puppies who are teething or for dogs who like to CHEW, PLAY, TUG or FETCH</li><li>Always supervise the pet during play and never let the pet eat or ingest any part of this toy.</li><li>Aways choose a LARGE SIZE if you know you have an aggressive chewer (even if you have a 10lb dog)</li><li>Choose the Elephant, Giraffe, Monkey, or Lobster if you have a dog that is more aggressive with their toys or likes to fetch.</li></ul>', 6, 10002, ''),
(30042, 'Hearts', 385, 0.18, 'Jax and bones The Original Good Karma Rope Toys are hand tied and dyed using non-toxic vegetable dyes. As your dog chews, the rope toys fray and act like doggie dental floss! Dip toys in water and freeze them to cool down a hot dog or soothe a teether! Why ''good karma''? 10% of the proceeds from these toys are given to rescue and animal welfare groups.<br><br>Since all dogs have different chewing habits, please follow our suggestions listed below to assure safe play time.<br><br><ul><li>Heart is good for Light chewers</li><li>Recommended for puppies who are teething or for dogs who like to CHEW, PLAY, TUG or FETCH</li><li>Always supervise the pet during play and never let the pet eat or ingest any part of this toy.</li><li>Aways choose a LARGE SIZE if you know you have an aggressive chewer (even if you have a 10lb dog)</li><li>Choose the Elephant, Giraffe, Monkey, or Lobster if you have a dog that is more aggressive with their toys or likes to fetch.</li></ul>', 6, 10002, ''),
(30043, 'Woolie Skunk', 0, 0, 'These cuddly line of toys from Jax and Bones are made from naturally dyed boiled wool and colored with Earth-friendly non-toxic dyes. They are constructed with a poly fill fiber, sewn with extra strong reinforcement and have a deluxe squeaker inside that will give your pet a great and enjoyable time!', 6, 10002, ''),
(40003, 'Watermelon top (moscape)', 0, 0, 'Watermelon top gives your pet a colorful summer feel. Cute and comfortable. Made of high-tech fabric, "Moscape", which is anti-mosquito / tick / flea, incorporating mint and eucalyptus, cypress component, helping prevent such diseases as heart worm, flea allergic dermatitis, that caused by mosquito n fleas.', 7, 10003, ''),
(40004, 'Little bird top (rinne)', 0, 0, 'Giving your pet extra warmth.This top is made of high-tech fabric, "Rinne", a health - support fabric with far-infrared waves and negative ion, which helps metabolic functions and vitalizes weaken immune system. Your pet will stay warm and healthy without having to wear layers of heavy outfits. Also recommended for overweight pet as it helps with joint pain.', 7, 10003, ''),
(30044, 'Woolie Fox', 0, 0, 'These cuddly line of toys from Jax and Bones are made from naturally dyed boiled wool and colored with Earth-friendly non-toxic dyes. They are constructed with a poly fill fiber, sewn with extra strong reinforcement and have a deluxe squeaker inside that will give your pet a great and enjoyable time!', 6, 10002, ''),
(40001, 'Native gradient top (moscape)', 0, 0, 'Native gradient top from iDog comes in bright colors with a touch of ethical style. Comfortable, easy-in, easy-out one-button collar. Made of high-tech fabric, "Moscape", which is anti-mosquito / tick / flea, incorporating mint and eucalyptus, cypress component, helping prevent such diseases as heart worm, flea allergic dermatitis, that caused by mosquito n fleas. Recommended on a hot day.', 7, 10003, ''),
(40002, 'Apple stripe top (rinne)', 0, 0, 'Stylish in stripe for everyday use. This top is made of high-tech fabric, "Rinne", a health - support fabric with far-infrared waves and negative ion, which helps metabolic functions and vitalizes weaken immune system. Your pet will stay warm and healthy without having to wear layers of heavy outfits. Also recommended for overweight pet as it helps with joint pain.', 7, 10003, ''),
(50001, 'Urban Denim Lounge Bed', 0, 0, 'Urban Denim Lounge Beds feature soft yet tough denim material with a stylish trim. Elevated sides create the ideal resting place for your pup''s head and are the ultimate pooch retreat. Sure, your lap may still be preferred, but this bed is a close second.<ul><li>Stylish and timeless denim material with signature P.L.A.Y. leather logo and custom-made P.L.A.Y. zipper</li><li>Furniture-grade craftsmanship and even-basting stitching ensures dog-years of use</li><li>Filled with the perfect amount and density of high-loft PlanetFill filler</li><li>Eco-friendly PlanetFill filler is made from 100% post-consumer certified-safe recycled plastic bottles</li></ul>', 5, 10004, ''),
(50002, 'Original Camouflage Lounge Bed', 0, 0, 'P.L.A.Y. Camouflage Lounge Bed is the perfect place for your pet to feel like it is fitting right in. Elevated sides are the ideal resting place for your pup''s head and create the ultimate pooch retreat. Inner cushion and exterior can be flipped, allowing you to enjoy 4 different looks in one bed!<ul><li> Comouflage design with custom-made P.L.A.Y. zipper </li><li>Furniture-grade craftsmanship and even-basting stitching ensures dog-years of use </li><li>Filled with the perfect amount and density of high-loft PlanetFill filler </li><li> Eco-friendly PlanetFill filler is made from 100% post-consumer certified-safe recycled plastic bottles</li></ul>', 5, 10004, ''),
(50003, 'Kalahari Lounge Bed', 0, 0, 'The Kalahari lounge bed features a fun giraffe print and lets your dog or cat remember that they are card-carrying members of the wild kingdom too. Elevated sides are the ideal resting place for your pup''s head and create the ultimate pooch retreat. Inner cushion and exterior can be flipped, allowing you to enjoy 4 different looks in one bed!<ul><li> Ultra-soft velvet material with custom-made P.L.A.Y. zipper </li><li> Furniture-grade craftsmanship and even-basting stitching ensures dog-years of use </li><li> Filled with the perfect amount and density of high-loft PlanetFill filler</li><li> Eco-friendly PlanetFill filler is made from 100% post-consumer certified-safe recycled plastic bottles</li></ul>', 5, 10004, ''),
(50004, 'White Camouflage Lounge Bed', 0, 0, 'P.L.A.Y. Camouflage Lounge Bed is the perfect place for your pet to feel like it is fitting right in. Elevated sides are the ideal resting place for your pup''s head and create the ultimate pooch retreat. Inner cushion and exterior can be flipped, allowing you to enjoy 4 different looks in one bed!</li><li> Comouflage design with custom-made P.L.A.Y. zipper </li><li> Furniture-grade craftsmanship and even-basting stitching ensures dog-years of use </li><li> Filled with the perfect amount and density of high-loft PlanetFill filler</li><li> Eco-friendly PlanetFill filler is made from 100% post-consumer certified-safe recycled plastic bottles', 5, 10004, ''),
(50005, 'Savannah Lounge Bed', 0, 0, 'The P.L.A.Y. Savannah Lounge Bed is the perfect place for your pets to flop after a day of untamed fun. Soft and velvety microsuede feels great on pets'' paws and stands up to abuse. Elevated sides are the ideal resting place for your pup''s head and create the ultimate pooch retreat. Inner cushion and exterior can be flipped, allowing you to enjoy 4 different looks in one bed!</li><li> Ultra-soft velvet material with custom-made P.L.A.Y. zipper</li><li> Furniture-grade craftsmanship and even-basting stitching ensures dog-years of use</li><li> Filled with the perfect amount and density of high-loft PlanetFill filler</li><li> Eco-friendly PlanetFill filler is made from 100% post-consumer certified-safe recycled plastic bottles', 5, 10004, ''),
(50006, 'Serengiti Rectangular Bed', 4500, 3.8, 'What is your pet dreaming about? On this bed, he''s bound to have visions of chasing wildlife on the Serengeti plain. The design may be wild, but it feels right at home in the most cultivated environments.</li><li>Ultra-soft velvet material with custom-made P.L.A.Y. zipper</li><li>Furniture-grade craftsmanship and even-basting stitching ensures dog-years of use</li><li>Filled with the perfect amount and density of high-loft PlanetFill filler</li><li>Eco-friendly PlanetFill filler is made from 100% post-consumer certified-safe recycled plastic bottles', 5, 10004, ''),
(50007, 'Urban Denim Round Bed', 4500, 3.8, 'There is just something about denim. Whether your pet is sitting on your lap, or resting a head on your knee, pets love blue jeans. So our Urban Denim pet beds feature the P.L.A.Y. dog on a soft yet tough denim material. Sure, your lap will still be preferred, but this bed is a close second.</li><li>Stylish and timeless denim material with the frolicking P.L.A.Y. mascot</li><li>Furniture-grade craftsmanship and even-basting stitching ensures dog-years of use</li><li>Filled with the perfect amount and density of high-loft PlanetFill filler</li><li>Eco-friendly PlanetFill filler is made from 100% post-consumer certified-safe recycled plastic bottles', 5, 10004, ''),
(50008, 'Original Camouflage Round Bed', 4500, 3.8, 'There''s something about camo that is timeless and, well, just cool. So we couldn''t resist treating your pet to the softest, most stylish Camo pet bed available. Whether it is in your car or in your living room, this bed has a way of always fitting right in.</li><li>100% natural cotton covering is soft, breathable and allergy-free</li><li>Furniture-grade craftsmanship and even-basting stitching ensures dog-years of use</li><li>Filled with the perfect amount and density of high-loft PlanetFill filler</li><li>Eco-friendly PlanetFill filler is made from 100% post-consumer certified-safe recycled plastic bottles', 5, 10004, ''),
(50009, 'White Camouflage Round Bed', 4500, 3.8, 'There''s something about camo that is timeless and, well, just cool. So we couldn''t resist treating your pet to the softest, most stylish Camo pet bed available. Whether it is in your car or in your living room, this bed has a way of always fitting right in.</li><li>100% natural cotton covering is soft, breathable and allergy-free</li><li>Furniture-grade craftsmanship and even-basting stitching ensures dog-years of use</li><li>Filled with the perfect amount and density of high-loft PlanetFill filler</li><li>Eco-friendly PlanetFill filler is made from 100% post-consumer certified-safe recycled plastic bottles ', 5, 10004, ''),
(50010, 'Snuggle Bed (1)', 0, 0, 'Sewn with dirt-resistant canvas on one side and luxurious faux fur on the other, this convertible dog bed can be molded into a variety of shapes and uses, conforming to you and your pet''s lifestyle, and offering your pup or kitty a heavenly retreat.</li><li> Furniture-grade craftsmanship and even-basting stitching ensures dog-years of use</li><li>Made in a facility that meets the strict quality standards for infant and children products', 5, 10004, ''),
(50011, 'Snuggle Bed (2)', 0, 0, 'Sewn with dirt-resistant canvas on one side and luxurious faux fur on the other, this convertible dog bed can be molded into a variety of shapes and uses, conforming to you and your pet''s lifestyle, and offering your pup or kitty a heavenly retreat.</li><li> Furniture-grade craftsmanship and even-basting stitching ensures dog-years of use</li><li>Made in a facility that meets the strict quality standards for infant and children products', 5, 10004, ''),
(50012, 'Snuggle Bed (3)', 0, 0, 'Sewn with dirt-resistant canvas on one side and luxurious faux fur on the other, this convertible dog bed can be molded into a variety of shapes and uses, conforming to you and your pet''s lifestyle, and offering your pup or kitty a heavenly retreat.</li><li> Furniture-grade craftsmanship and even-basting stitching ensures dog-years of use</li><li>Made in a facility that meets the strict quality standards for infant and children products', 5, 10004, ''),
(40005, 'Graffiti star trainer', 0, 0, 'Casual and stylish. The top features a soft weave and star pattern for a bold statement. The cut and soft fabric allow for a smooth, comfortable fit.', 7, 10003, ''),
(40006, 'Color block trainer', 0, 0, 'Casual and stylish. Comfortable, easy-in, easy-out one-button collar.The top is made to give your pet extra warmth. The cut and soft fabric allow for a smooth, comfortable fit.', 7, 10003, ''),
(40007, 'Crack skull Parker top (moscape)', 0, 0, 'Get a rough look with a hoodie in skull pattern . Stylish, comfortable, easy-in, easy-out one-button collar. Made of high-tech fabric, "Moscape", which is anti-mosquito / tick / flea, incorporating mint and eucalyptus, cypress component, helping prevent such diseases as heart worm, flea allergic dermatitis, that caused by mosquito n fleas. Recommended on a hot day.', 7, 10003, ''),
(40008, 'Polar bear star knit top', 0, 0, 'Casual and stylish. Comfortable, easy-in, easy-out one-button collar.The top is made to give your pet extra warmth. The cut and soft fabric allow for a smooth, comfortable fit.', 7, 10003, ''),
(40009, 'Tribal fleece top', 0, 0, 'Casual and stylish. Comfortable, easy-in, easy-out one-button collar.The top is made to give your pet extra warmth. The cut and soft fabric allow for a smooth, comfortable fit. Water-repellent. Suitable for outdoor activities.', 7, 10003, '');

DELETE FROM `Product_Color`;

INSERT INTO `Product_Color` (`item_no`, `color`) VALUES
(30001, 'Blue'),
(30001, 'Green'),
(30001, 'Orange'),
(30038, 'Blue'),
(30038, 'Red'),
(40001, 'Orange'),
(40001, 'Pink'),
(40001, 'Purple'),
(40002, 'Green'),
(40002, 'Pink'),
(40002, 'Red'),
(40003, 'Red'),
(40003, 'Yellow'),
(40004, 'Green'),
(40004, 'Pink'),
(40004, 'Purple'),
(40005, 'Green'),
(40005, 'Grey'),
(40005, 'White'),
(40006, 'Grey'),
(40006, 'Pink'),
(40007, 'Beige'),
(40007, 'Grey'),
(40008, 'Black'),
(40008, 'Brown'),
(40008, 'Green'),
(40009, 'Black'),
(40009, 'Brown'),
(40009, 'Green');

DELETE FROM `Product_Size`;

INSERT INTO `Product_Size` (`item_no`, `size`, `price`, `weight`) VALUES
(10001, 'L', 3680, 4.5),
(10001, 'M', 2240, 1.8),
(10001, 'S', 1440, 1),
(10002, 'L', 3680, 2.3),
(10002, 'M', 2240, 1.8),
(10002, 'S', 1440, 0.5),
(10003, 'S', 4800, 1),
(10004, 'S', 1920, 1),
(10005, 'S', 1920, 1),
(10006, 'L', 1760, 1.1),
(10006, 'M', 1440, 1),
(10006, 'S', 1120, 0.5),
(10007, 'L', 3040, 1.8),
(10007, 'M', 2400, 1.4),
(10007, 'S', 1760, 1),
(10008, 'S', 1280, 1.8),
(10009, 'L', 4320, 5.4),
(10009, 'M', 2880, 3.6),
(10009, 'S', 1440, 1.4),
(10010, 'L', 4320, 5.4),
(10010, 'M', 2880, 3.6),
(10010, 'S', 1440, 1.4),
(10011, 'M', 2880, 1.4),
(10011, 'S', 1920, 1),
(10012, 'M', 1100, 1.8),
(10012, 'S', 980, 1),
(10013, 'M', 1100, 1.8),
(10013, 'S', 980, 1),
(20001, 'XL', 1940, 0.16),
(20001, 'L', 1940, 0.15),
(20001, 'M', 1940, 0.085),
(20001, 'S', 1940, 0.085),
(20002, 'XL', 1940, 0.16),
(20002, 'L', 1940, 0.15),
(20002, 'M', 1940, 0.085),
(20002, 'S', 1940, 0.085),
(20003, 'XL', 1940, 0.16),
(20003, 'L', 1940, 0.15),
(20003, 'M', 1940, 0.085),
(20003, 'S', 1940, 0.085),
(20004, 'XL', 1940, 0.16),
(20004, 'L', 1940, 0.15),
(20004, 'M', 1940, 0.085),
(20004, 'S', 1940, 0.085),
(20005, 'XL', 1940, 0.16),
(20005, 'L', 1940, 0.15),
(20005, 'M', 1940, 0.085),
(20005, 'S', 1940, 0.085),
(20006, 'XL', 1940, 0.16),
(20006, 'L', 1940, 0.15),
(20006, 'M', 1940, 0.085),
(20006, 'S', 1940, 0.085),
(20007, 'XL', 1700, 0.16),
(20007, 'L', 1700, 0.15),
(20007, 'M', 1700, 0.085),
(20007, 'S', 1700, 0.085),
(20008, 'XL', 1940, 0.16),
(20008, 'L', 1940, 0.15),
(20008, 'M', 1940, 0.085),
(20008, 'S', 1940, 0.085),
(20009, 'XL', 1940, 0.16),
(20009, 'L', 1940, 0.15),
(20009, 'M', 1940, 0.085),
(20009, 'S', 1940, 0.085),
(20010, 'XL', 1940, 0.16),
(20010, 'L', 1940, 0.15),
(20010, 'M', 1940, 0.085),
(20010, 'S', 1940, 0.085),
(20011, 'L', 2000, 0.43),
(20011, 'M', 2000, 0.26),
(20011, 'S', 2000, 0.15),
(20012, 'L', 2000, 0.43),
(20012, 'M', 2000, 0.26),
(20012, 'S', 2000, 0.15),
(20013, 'L', 2000, 0.43),
(20013, 'M', 2000, 0.26),
(20013, 'S', 2000, 0.15),
(20014, 'L', 2000, 0.43),
(20014, 'M', 2000, 0.26),
(20014, 'S', 2000, 0.15),
(20015, 'L', 2000, 0.43),
(20015, 'M', 2000, 0.26),
(20015, 'S', 2000, 0.15),
(20016, 'L', 2000, 0.43),
(20016, 'M', 2000, 0.26),
(20016, 'S', 2000, 0.15),
(20017, 'L', 2000, 0.43),
(20017, 'M', 2000, 0.26),
(20017, 'S', 2000, 0.15),
(20018, 'L', 2000, 0.43),
(20018, 'M', 2000, 0.26),
(20018, 'S', 2000, 0.15),
(20019, 'L', 2000, 0.43),
(20019, 'M', 2000, 0.26),
(20019, 'S', 2000, 0.15),
(20020, 'L', 2000, 0.43),
(20020, 'M', 2000, 0.26),
(20020, 'S', 2000, 0.15),
(20021, 'L', 2000, 0.43),
(20021, 'M', 2000, 0.26),
(20021, 'S', 2000, 0.15),
(20022, 'L', 2000, 0.43),
(20022, 'M', 2000, 0.26),
(20022, 'S', 2000, 0.15),
(20023, 'L', 2000, 0.43),
(20023, 'M', 2000, 0.26),
(20023, 'S', 2000, 0.15),
(20024, 'L', 675, 0.11),
(20024, 'M', 614, 0.07),
(20024, 'S', 553, 0.05),
(20025, 'L', 675, 0.11),
(20025, 'M', 614, 0.07),
(20025, 'S', 553, 0.05),
(20026, 'L', 675, 0.11),
(20026, 'M', 614, 0.07),
(20026, 'S', 553, 0.05),
(20027, 'L', 675, 0.11),
(20027, 'M', 614, 0.07),
(20027, 'S', 553, 0.05),
(20028, 'L', 675, 0.11),
(20028, 'M', 614, 0.07),
(20028, 'S', 553, 0.05),
(20029, 'L', 675, 0.11),
(20029, 'M', 614, 0.07),
(20029, 'S', 553, 0.05),
(20030, 'L', 675, 0.11),
(20030, 'M', 614, 0.07),
(20030, 'S', 553, 0.05),
(20031, 'L', 675, 0.11),
(20031, 'M', 614, 0.07),
(20031, 'S', 553, 0.05),
(20032, 'L', 675, 0.11),
(20032, 'M', 614, 0.07),
(20032, 'S', 553, 0.05),
(20033, 'L', 675, 0.11),
(20033, 'M', 614, 0.07),
(20033, 'S', 553, 0.05),
(20034, 'L', 675, 0.11),
(20034, 'M', 614, 0.07),
(20034, 'S', 553, 0.05),
(20035, 'L', 675, 0.11),
(20035, 'M', 614, 0.07),
(20035, 'S', 553, 0.05),
(20036, 'L', 675, 0.11),
(20036, 'M', 614, 0.07),
(20036, 'S', 553, 0.05),
(20037, 'L', 675, 0.11),
(20037, 'M', 614, 0.07),
(20037, 'S', 553, 0.05),
(20038, 'L', 930, 0.16),
(20038, 'S', 737, 0.15),
(20039, 'L', 930, 0.16),
(20039, 'S', 737, 0.15),
(20040, 'L', 930, 0.16),
(20040, 'S', 737, 0.15),
(20041, 'L', 930, 0.16),
(20041, 'S', 737, 0.15),
(20042, 'L', 930, 0.16),
(20042, 'S', 737, 0.15),
(20043, 'L', 930, 0.16),
(20043, 'S', 737, 0.15),
(20044, 'L', 930, 0.16),
(20044, 'S', 737, 0.15),
(20045, 'L', 930, 0.16),
(20045, 'S', 737, 0.15),
(20046, 'L', 930, 0.16),
(20046, 'S', 737, 0.15),
(20047, 'L', 930, 0.16),
(20047, 'S', 737, 0.15),
(20048, 'L', 930, 0.16),
(20048, 'S', 737, 0.15),
(20049, 'L', 930, 0.16),
(20049, 'S', 737, 0.15),
(20050, 'L', 930, 0.16),
(20050, 'S', 737, 0.15),
(20051, 'L', 930, 0.16),
(20051, 'S', 737, 0.15),
(20052, 'L', 1114, 0.2),
(20053, 'L', 1114, 0.2),
(20054, 'L', 1114, 0.2),
(20055, 'L', 1114, 0.2),
(20056, 'L', 1114, 0.2),
(20057, 'M', 930, 0.13),
(20057, 'S', 800, 0.08),
(20058, 'M', 930, 0.13),
(20058, 'S', 800, 0.08),
(20059, 'M', 930, 0.13),
(20059, 'S', 800, 0.08),
(20060, 'M', 930, 0.13),
(20060, 'S', 800, 0.08),
(20061, 'M', 930, 0.13),
(20061, 'S', 800, 0.08),
(20062, 'M', 930, 0.13),
(20062, 'S', 800, 0.08),
(20063, 'M', 930, 0.13),
(20063, 'S', 800, 0.08),
(30012, 'S', 436, 0.13),
(30012, 'L', 498, 0.17),
(30013, 'XL', 560, 0.25),
(30013, 'L', 498, 0.2),
(30017, 'S', 436, 0.16),
(30017, 'L', 498, 0.31),
(30018, 'S', 436, 0.16),
(30018, 'L', 498, 0.31),
(30020, 'S', 436, 0.07),
(30020, 'L', 498, 0.09),
(30021, 'S', 436, 0.12),
(30021, 'L', 498, 0.22),
(30021, 'XL', 560, 0.4),
(30022, 'S', 436, 0.1),
(30022, 'L', 498, 0.15),
(30023, 'S', 436, 0.14),
(30023, 'L', 498, 0.25),
(30024, 'S', 436, 0.14),
(30024, 'L', 498, 0.25),
(30025, 'S', 436, 0.12),
(30025, 'L', 498, 0.18),
(30025, 'XL', 560, 1),
(30026, 'S', 436, 0.1),
(30026, 'L', 498, 0.14),
(30027, 'S', 436, 0.1),
(30027, 'L', 498, 0.14),
(30028, 'S', 436, 0.14),
(30028, 'L', 498, 0.25),
(30030, 'S', 436, 0.18),
(30030, 'L', 498, 0.2),
(30033, 'S', 265, 0.1),
(30031, 'XL', 560, 1.2),
(30031, 'L', 498, 1),
(30033, 'L', 405, 0.17),
(30040, 'XL', 560, 0.25),
(30040, 'L', 498, 0.2),
(30043, 'S', 400, 0.045),
(30043, 'L', 500, 0.12),
(30044, 'L', 450, 0.2),
(40001, 'M', 680, 0.044),
(40001, 'S', 600, 0.044),
(50002, 'S', 3500, 2.2),
(50002, 'M', 4500, 3.5),
(50003, 'S', 3500, 2.2),
(50003, 'M', 4500, 3.5),
(50004, 'S', 3500, 2.2),
(50004, 'M', 4500, 3.5),
(50005, 'S', 3500, 2.2),
(50005, 'M', 4500, 3.5),
(50006, 'M', 4500, 3.8),
(50007, 'M', 4500, 3.8),
(50008, 'M', 4500, 3.8),
(50009, 'M', 4500, 3.8),
(50010, 'S', 3171, 1),
(50010, 'L', 3641, 1.1),
(50011, 'S', 3171, 1),
(50011, 'L', 3641, 1.1),
(50012, 'S', 3171, 1),
(50012, 'L', 3641, 1.1),
(30044, 'S', 400, 0.12),
(40001, 'XS', 600, 0.044),
(40001, 'XXS', 600, 0.044),
(40001, 'L', 680, 0.044),
(40001, 'XL', 680, 0.044),
(40001, 'XXL', 755, 0.044),
(40001, 'F', 755, 0.044),
(40001, 'DS', 680, 0.044),
(40001, 'DM', 680, 0.044),
(40001, 'DL', 680, 0.044),
(40002, 'XXS', 715, 0.044),
(40002, 'XS', 715, 0.044),
(40002, 'S', 715, 0.044),
(40002, 'M', 790, 0.044),
(40002, 'L', 790, 0.044),
(40002, 'XL', 790, 0.044),
(40002, 'XXL', 860, 0.044),
(40002, 'F', 860, 0.044),
(40002, 'DS', 790, 0.044),
(40002, 'DM', 790, 0.044),
(40002, 'DL', 790, 0.044),
(40003, 'XXS', 750, 0.044),
(40003, 'XS', 750, 0.044),
(40003, 'S', 750, 0.044),
(40003, 'M', 825, 0.044),
(40003, 'L', 825, 0.044),
(40003, 'XL', 825, 0.044),
(40003, 'XXL', 1000, 0.044),
(40003, 'F', 1000, 0.044),
(40003, 'DS', 825, 0.044),
(40003, 'DM', 825, 0.044),
(40003, 'DL', 825, 0.044),
(40004, 'XXS', 910, 0.044),
(40004, 'XS', 910, 0.044),
(40004, 'S', 910, 0.044),
(40004, 'M', 950, 0.044),
(40004, 'L', 950, 0.044),
(40004, 'XL', 950, 0.044),
(40004, 'XXL', 990, 0.044),
(40004, 'F', 990, 0.044),
(40004, 'DS', 950, 0.044),
(40004, 'DM', 950, 0.044),
(40004, 'DL', 950, 0.044),
(40005, 'XXS', 645, 0.044),
(40005, 'XS', 645, 0.044),
(40005, 'S', 645, 0.044),
(40005, 'M', 715, 0.044),
(40005, 'L', 715, 0.044),
(40005, 'XL', 715, 0.044),
(40005, 'XXL', 790, 0.044),
(40005, 'F', 790, 0.044),
(40005, 'DS', 715, 0.044),
(40005, 'DM', 715, 0.044),
(40005, 'DL', 715, 0.044),
(40006, 'XXS', 790, 0.044),
(40006, 'XS', 790, 0.044),
(40006, 'S', 790, 0.044),
(40006, 'M', 860, 0.044),
(40006, 'L', 860, 0.044),
(40006, 'XL', 860, 0.044),
(40006, 'XXL', 930, 0.044),
(40006, 'F', 930, 0.044),
(40006, 'DS', 860, 0.044),
(40006, 'DM', 860, 0.044),
(40006, 'DL', 860, 0.044),
(40007, 'XXS', 750, 0.044),
(40007, 'XS', 750, 0.044),
(40007, 'S', 750, 0.044),
(40007, 'M', 825, 0.044),
(40007, 'L', 825, 0.044),
(40007, 'XL', 825, 0.044),
(40007, 'XXL', 1000, 0.044),
(40007, 'F', 1000, 0.044),
(40007, 'DS', 825, 0.044),
(40007, 'DM', 825, 0.044),
(40007, 'DL', 825, 0.044),
(40008, 'XXS', 680, 0.044),
(40008, 'XS', 680, 0.044),
(40008, 'S', 680, 0.044),
(40008, 'M', 750, 0.044),
(40008, 'L', 750, 0.044),
(40008, 'XL', 750, 0.044),
(40008, 'XXL', 825, 0.044),
(40008, 'F', 825, 0.044),
(40008, 'DS', 750, 0.044),
(40008, 'DM', 750, 0.044),
(40008, 'DL', 750, 0.044),
(40009, 'XXS', 645, 0.044),
(40009, 'XS', 645, 0.044),
(40009, 'S', 645, 0.044),
(40009, 'M', 715, 0.044),
(40009, 'L', 715, 0.044),
(40009, 'XL', 715, 0.044),
(40009, 'XXL', 790, 0.044),
(40009, 'F', 790, 0.044),
(40009, 'DS', 715, 0.044),
(40009, 'DM', 715, 0.044),
(40009, 'DL', 715, 0.044);