--INSERT new Brand
INSERT INTO `Brand`(`brand_no`, `name`) VALUES (8, 'Planet Dog');

--INSERT Product
INSERT INTO `Product`(`item_no`, `name`, `price`, `weight`, `out_of_stock`, `detail`, `material`, `care_instruction`, `brands`, `catagories`, `size`, `extra_label`) VALUES (30045,'Orbee-Tuff Woof Ball',580,0.13,0,'The Orbee-Tuff Woof Ball is durable, bouncy, buoyant, recyclable and mint-scented.<br><br>Rated 5 out of 5 chompers on the Durability Scale.<br><br>Non-toxic, easy to clean, and made in the USA. The Woof ball is available in pink or green.','Orbee Tuff material (rubbery, soft but strong)','Rinse clean',8,10002,'','');
INSERT INTO `Product`(`item_no`, `name`, `price`, `weight`, `out_of_stock`, `detail`, `material`, `care_instruction`, `brands`, `catagories`, `size`, `extra_label`) VALUES (30046,'Orbee-Tuff Eggplant',788,0.23,0,'Give your buddy a daily dose of rompoflavin, chompohydrates, and vitamin WAG.<br><br>The Orbee-Tuff Eggplant with Treat Spot is the largest member of the best-selling Orbee-Tuff Produce line.<br><br>Rated 4 out of 5 chompers on the Durability Scale and is minty, buoyant, bouncy,and recyclable.<br><br>Non-toxic, easy to clean, and made in the USA.','Orbee Tuff material (rubbery, soft but strong)','Rinse clean',8,10002,'','');
INSERT INTO `Product`(`item_no`, `name`, `price`, `weight`, `out_of_stock`, `detail`, `material`, `care_instruction`, `brands`, `catagories`, `size`, `extra_label`) VALUES (30047,'Orbee-Tuff Artichoke',710,0.17,0,'Give your buddy a daily dose of rompoflavin, chompohydrates, and vitamin WAG.<br><br>The Orbee-Tuff Artichoke with Treat Spot is a member of the best-selling Orbee-Tuff Produce line.<br><br>Rated 4 out of 5 chompers on the Durability Scale and is minty, buoyant, bouncy, and recyclable.<br><br>Non-toxic, easy to clean, and made in the USA.','Orbee Tuff material (rubbery, soft but strong)','Rinse clean',8,10002,'','');
INSERT INTO `Product`(`item_no`, `name`, `price`, `weight`, `out_of_stock`, `detail`, `material`, `care_instruction`, `brands`, `catagories`, `size`, `extra_label`) VALUES (30048,'Orbee-Tuff Strawberry',620,0.12,0,'Give your buddy a daily dose of rompoflavin, chompohydrates, and vitamin WAG.<br><br>The Orbee-Tuff Strawberry with Treat Spot is a member of the best-selling Orbee-Tuff Produce line.<br><br>Rated 4 out of 5 chompers on the Durability Scale and is minty, buoyant, bouncy, and recyclable.<br><br>Non-toxic, easy to clean, and made in the USA.','Orbee Tuff material (rubbery, soft but strong)','Rinse clean',8,10002,'','');
INSERT INTO `Product`(`item_no`, `name`, `price`, `weight`, `out_of_stock`, `detail`, `material`, `care_instruction`, `brands`, `catagories`, `size`, `extra_label`) VALUES (30049,'Orbee-Tuff Raspberry',370,0.0312,0,'Give your buddy a daily dose of rompoflavin, chompohydrates, and vitamin WAG.<br><br>The Orbee-Tuff Raspberry with Treat Spot is a member of the best-selling Orbee-Tuff Produce line.<br><br>Rated 4 out of 5 chompers on the Durability Scale and is minty, buoyant, bouncy, and recyclable.<br><br>Non-toxic, easy to clean, and made in the USA.<br><br>Recommended for extra small dogs','Orbee Tuff material (rubbery, soft but strong)','Rinse clean',8,10002,'','');
INSERT INTO `Product`(`item_no`, `name`, `price`, `weight`, `out_of_stock`, `detail`, `material`, `care_instruction`, `brands`, `catagories`, `size`, `extra_label`) VALUES (30050,'Orbee-Tuff Snowball',540,0.12,0,'Stay cool year \'round with the world\'s first doggie-durable, buoyant, bouncy, minty and NON-MELTING snowball. p.s. No yellow snow was used in the making of this product!<br><br>The Orbee-Tuff Snowball is rated 5 out of 5 chompers on the Durability Scale, and is buoyant, minty, bouncy, bouncy, and recyclable.<br><br>Non-toxic, easy to clean, and made in the U.S.A.','Orbee Tuff material (rubbery, soft but strong)','Rinse clean',8,10002,'','');
INSERT INTO `Product`(`item_no`, `name`, `price`, `weight`, `out_of_stock`, `detail`, `material`, `care_instruction`, `brands`, `catagories`, `size`, `extra_label`) VALUES (30051,'Orbee-Tuff Coal',540,0.12,0,'The world\'s first doggie-durable, buoyant, bouncy, and minty lump of coal with no carbon emissions!<br><br>The Orbee-Tuff Coal is rated 5 out of 5 chompers on the Durability Scale, and is buoyant, minty, bouncy, and recyclable.<br><br>Non-toxic, easy to clean, and made in the U.S.A.','Orbee Tuff material (rubbery, soft but strong)','Rinse clean',8,10002,'','');
INSERT INTO `Product`(`item_no`, `name`, `price`, `weight`, `out_of_stock`, `detail`, `material`, `care_instruction`, `brands`, `catagories`, `size`, `extra_label`) VALUES (30052,'Orbee-Tuff Sol',788,0.36,0,'With Planet Dog COSMOS the sky\'s the limit!<br><br>SOL, the biggest member of the COSMOs, is orange like the sun and at 5", a great option for larger dogs.<br><br>It has a Treat Spot for hiding healthy treats.<br><br>Doggie durable, buoyant, bouncy, minty, recyclable, easy to clean and non-toxic. Made in the U.S.A.','Orbee Tuff material (rubbery, soft but strong)','Rinse clean',8,10002,'','');
INSERT INTO `Product`(`item_no`, `name`, `price`, `weight`, `out_of_stock`, `detail`, `material`, `care_instruction`, `brands`, `catagories`, `size`, `extra_label`) VALUES (30053,'Orbee-Tuff Luna',710,0.26,0,'With Planet Dog COSMOS the sky\'s the limit!<br><br>LUNA, one of the COSMO members, representing the moon, is 4" and glows in the dark! You\'ll never lose sight of it!<br><br>It has a Treat Spot for hiding healthy treats.<br><br>Doggie durable, buoyant, bouncy, minty, recyclable, easy to clean and non-toxic. Made in the U.S.A.','Orbee Tuff material (rubbery, soft but strong)','Rinse clean',8,10002,'','');
INSERT INTO `Product`(`item_no`, `name`, `price`, `weight`, `out_of_stock`, `detail`, `material`, `care_instruction`, `brands`, `catagories`, `size`, `extra_label`) VALUES (30054,'Orbee-Tuff Ringo',620,0.12,0,'With Planet Dog COSMOS the sky\'s the limit!<br><br>RINGO, one of the COSMOS members, is a cosmic green 3" ball with a Saturn-like ring for some other-worldly bounce.<br><br>It has a Treat Spot for hiding healthy treats.<br><br>Doggie durable, buoyant, bouncy, minty, recyclable, easy to clean and non-toxic. Made in the U.S.A.','Orbee Tuff material (rubbery, soft but strong)','Rinse clean',8,10002,'','');
INSERT INTO `Product`(`item_no`, `name`, `price`, `weight`, `out_of_stock`, `detail`, `material`, `care_instruction`, `brands`, `catagories`, `size`, `extra_label`) VALUES (30055,'Orbee-Tuff Golf Ball',330,0.06,0,'It\'s a Dogleg Left - FORE!<br><br><br><br>Orbee SPORT Golf Ball - just the toy for pups and all those "tiny but tough" athletes.<br><br>Rated 5 out of 5 chompers on Durability Scale and is buoyant, minty, bouncy, and recyclable.<br><br>Non-toxic and rinses clean. Made in U.S.A.<br><br>Recommended for extra small dogs','Orbee Tuff material (rubbery, soft but strong)','Rinse clean',8,10002,'','');
INSERT INTO `Product`(`item_no`, `name`, `price`, `weight`, `out_of_stock`, `detail`, `material`, `care_instruction`, `brands`, `catagories`, `size`, `extra_label`) VALUES (30056,'Orbee-Tuff Tennis Ball',450,0.1,0,'Game. Set. WOOF!<br><br><br><br>The best-selling Orbee-Tuff Tennis Ball is rated 5 out of 5 chompers on the Durability Scale and is buoyant, minty, bouncy, and recyclable. Made of the award-winning Orbee-Tuff compound, this tennis ball shape is always a dog`s favorite.<br><br>Non-toxic and rinses clean. Made in U.S.A.','Orbee Tuff material (rubbery, soft but strong)','Rinse clean',8,10002,'','');
INSERT INTO `Product`(`item_no`, `name`, `price`, `weight`, `out_of_stock`, `detail`, `material`, `care_instruction`, `brands`, `catagories`, `size`, `extra_label`) VALUES (30057,'Orbee-Tuff Baseball',580,0.15,0,'It\'s going, going, GONE!! High paws all around!<br><br>The Orbee-Tuff Baseball is perfect for a backyard ballgame with a favorite "fielder".<br><br>Rated 5 out of 5 chompers on Durability Scale and is buoyant, minty, bouncy, and recyclable.<br><br>Non-toxic and rinses clean. Made in U.S.A.','Orbee Tuff material (rubbery, soft but strong)','Rinse clean',8,10002,'','');
INSERT INTO `Product`(`item_no`, `name`, `price`, `weight`, `out_of_stock`, `detail`, `material`, `care_instruction`, `brands`, `catagories`, `size`, `extra_label`) VALUES (30058,'Orbee-Tuff Football',700,0.3,0,'Set. Hike. Rover - go long!<br><br>Made of the award-winning Orbee-Tuff compound, The Orbee-Tuff Football has the look and feel of the classic pigskin. Your dog will love running for the long bomb.<br><br>Rated 4 out of 5 chompers on Durability Scale and is buoyant, minty, bouncy, and recyclable.<br><br>Non-toxic and rinses clean. Made in U.S.A.<br><br>Recommended for extra small dogs','Orbee Tuff material (rubbery, soft but strong)','Rinse clean',8,10002,'','');
INSERT INTO `Product`(`item_no`, `name`, `price`, `weight`, `out_of_stock`, `detail`, `material`, `care_instruction`, `brands`, `catagories`, `size`, `extra_label`) VALUES (30059,'Orbee-Tuff Soccer Ball',950,0.42,0,'GOOOAAL!!<br><br>Perfect for all dogs from the purebred Retriever to the backyard sports enthusiast. Made of award-winning Orbee-Tuff compound, The Orbee-Tuff Soccer Ball will keep any 4-legged pal happy for hours - indoors or out.<br><br>Rated 4 out of 5 chompers on Durability Scale and is buoyant, minty, bouncy, and recyclable.<br><br>Non-toxic and rinses clean. Made in U.S.A. ','Orbee Tuff material (rubbery, soft but strong)','Rinse clean',8,10002,'','');
INSERT INTO `Product`(`item_no`, `name`, `price`, `weight`, `out_of_stock`, `detail`, `material`, `care_instruction`, `brands`, `catagories`, `size`, `extra_label`) VALUES (30060,'Orbee-Tuff Orbee ball',0,0,0,'Rated TOP Product of the Year by numerous magazines and called the "World\'s Best Dog Ball" by industry experts - this doggie-durable toy has a rating of 5 out of 5 chompers on the Durability Scale. It is minty, buoyant, bouncy and recyclable.','Orbee Tuff material (rubbery, soft but strong)','Rinse clean',8,10002,'','');
INSERT INTO `Product`(`item_no`, `name`, `price`, `weight`, `out_of_stock`, `detail`, `material`, `care_instruction`, `brands`, `catagories`, `size`, `extra_label`) VALUES (30061,'Orbee-Tuff Orbee ball',0,0,0,'Rated TOP Product of the Year by numerous magazines and called the "World\'s Best Dog Ball" by industry experts - this doggie-durable toy has a rating of 5 out of 5 chompers on the Durability Scale. It is minty, buoyant, bouncy and recyclable.','Orbee Tuff material (rubbery, soft but strong)','Rinse clean',8,10002,'','');
INSERT INTO `Product`(`item_no`, `name`, `price`, `weight`, `out_of_stock`, `detail`, `material`, `care_instruction`, `brands`, `catagories`, `size`, `extra_label`) VALUES (30062,'Orbee-Tuff Orbee ball',0,0,0,'Rated TOP Product of the Year by numerous magazines and called the "World\'s Best Dog Ball" by industry experts - this doggie-durable toy has a rating of 5 out of 5 chompers on the Durability Scale. It is minty, buoyant, bouncy and recyclable.','Orbee Tuff material (rubbery, soft but strong)','Rinse clean',8,10002,'','');
INSERT INTO `Product`(`item_no`, `name`, `price`, `weight`, `out_of_stock`, `detail`, `material`, `care_instruction`, `brands`, `catagories`, `size`, `extra_label`) VALUES (30063,'Orbee-Tuff Bone',0,0,0,'Considered the most curiously durable "funny bone" on the market.<br><br>This all-time favourite bone-shaped  Orbee-Tuff Bone is buoyant, minty,  and recyclable. Rated 3 out of 5 chompers on Durability.<br><br>Non-toxic and rinses clean. Made in U.S.A.','Orbee Tuff material (rubbery, soft but strong)','Rinse clean',8,10002,'','');
INSERT INTO `Product`(`item_no`, `name`, `price`, `weight`, `out_of_stock`, `detail`, `material`, `care_instruction`, `brands`, `catagories`, `size`, `extra_label`) VALUES (30064,'Orbee-Tuff Bone',0,0,0,'Considered the most curiously durable "funny bone" on the market.<br><br>This all-time favourite bone-shaped  Orbee-Tuff Bone is buoyant, minty,  and recyclable. Rated 3 out of 5 chompers on Durability.<br><br>Non-toxic and rinses clean. Made in U.S.A.','Orbee Tuff material (rubbery, soft but strong)','Rinse clean',8,10002,'','');
INSERT INTO `Product`(`item_no`, `name`, `price`, `weight`, `out_of_stock`, `detail`, `material`, `care_instruction`, `brands`, `catagories`, `size`, `extra_label`) VALUES (30065,'Orbee-Tuff Bone',0,0,0,'Considered the most curiously durable "funny bone" on the market.<br><br>This all-time favourite bone-shaped  Orbee-Tuff Bone is buoyant, minty,  and recyclable. Rated 3 out of 5 chompers on Durability.<br><br>Non-toxic and rinses clean. Made in U.S.A.','Orbee Tuff material (rubbery, soft but strong)','Rinse clean',8,10002,'','');
INSERT INTO `Product`(`item_no`, `name`, `price`, `weight`, `out_of_stock`, `detail`, `material`, `care_instruction`, `brands`, `catagories`, `size`, `extra_label`) VALUES (30066,'Orbee-Tuff RecycleBONE',578,0.18,0,'Each RecycleBONE is made from regrind - 100% first quality Orbee-Tuff material that would otherwise be discarded. Planet Dog make these toys based on what color scraps they have, so colors vary and specific colors cannot be guaranteed.<br><br>The colors you will see most frequently are Purple, Black, Cream and Green.<br><br>Rated 3 out of 5 chompers on the Durability Scale.<br><br>Buoyant, bouncy, minty and non-toxic. Rinses Clean. Made in U.S.A.','Orbee Tuff material (rubbery, soft but strong)','Rinse clean',8,10002,'','');
INSERT INTO `Product`(`item_no`, `name`, `price`, `weight`, `out_of_stock`, `detail`, `material`, `care_instruction`, `brands`, `catagories`, `size`, `extra_label`) VALUES (30067,'Orbee-Tuff Glow Bone',620,0.18,0,'The Orbee-Tuff Glow Bone features Planet Dog\'s award-winning Orbee-Tuff material which is non-toxic and made in the USA - and it glows in the dark!<br><br>It is also durable, bouncy, recyclable and even mint-scented. Rated 3 out of 5 Chompers on the Durability Scale. It features the words "Good to the Bone" on one side and "Planet Dog Foundation" on the other.<br><br>Made in the U.S.A.','Orbee Tuff material (rubbery, soft but strong)','Rinse clean',8,10002,'','');
INSERT INTO `Product`(`item_no`, `name`, `price`, `weight`, `out_of_stock`, `detail`, `material`, `care_instruction`, `brands`, `catagories`, `size`, `extra_label`) VALUES (30068,'Orbee-Tuff Diamond Plate Ball',580,0.15,0,'The Diamond Plate Orbee Ball is an absolute favorite and perfect for the toughest chewers. Made with the award-winning Orbee-Tuff material, this toy is as tough as the rock it\'s named for (well, almost)!<br><br>Diamond Plate balls are durable, bouncy, buoyant, mint-scented and recyclable.<br><br>They are rated 5 out of 5 chompers on the Durability Scale.<br><br>Non-toxic and easy to clean. Made in the U.S.A.','Orbee Tuff material (rubbery, soft but strong)','Rinse clean',8,10002,'','');
INSERT INTO `Product`(`item_no`, `name`, `price`, `weight`, `out_of_stock`, `detail`, `material`, `care_instruction`, `brands`, `catagories`, `size`, `extra_label`) VALUES (30069,'Orbee-Tuff Glow-in-the-Dark Whistle Ball',620,0.11,0,'Whistle while you woof!<br><br>This innovative glow-in-the-dark toy makes a whirring whistle when thrown. The harder you throw it, the louder it whistles. Great for old souls who have reduced vision AND it fits in standard ball tossers!<br><br>This toy is intended for tossing, not chewing, so it is not rated on the Durability scale.<br><br>This ball is buoyant, minty, bouncy and recyclable.<br><br>Non-toxic and rinses clean. Made in the U.S.A. Glows in the dark.','Orbee Tuff material (rubbery, soft but strong)','Rinse clean',8,10002,'','');
INSERT INTO `Product`(`item_no`, `name`, `price`, `weight`, `out_of_stock`, `detail`, `material`, `care_instruction`, `brands`, `catagories`, `size`, `extra_label`) VALUES (30070,'Orbee-Tuff Mazee',990,0.27,0,'This interactive brain-teaser is clearly engaging, clearly rewarding, clearly fun, and designed for long-lasting play!<br><br>Mazee is a fresh take on the stimulating puzzle craze and is made with a pliable, Orbee-Tuff outer shell, and unique inner maze.<br><br>This toy is intended for puzzle-play, not chewing, so it is not rated on the Durability scale.<br><br>Non-toxic, recyclable. Made in the U.S.A.','Orbee Tuff material (rubbery, soft but strong)','To clean, fill with hot water, shake vigorously and rinse.  ',8,10002,'','');

INSERT INTO `Product`(`item_no`, `name`, `price`, `weight`, `out_of_stock`, `detail`, `material`, `care_instruction`, `brands`, `catagories`, `size`, `extra_label`) VALUES (23009,'Purple fade rope and leather collar',0,0,0,'Hand dyed and crafted in Brooklyn, NY, the Found collection of collars and leashes blend durability with nautical style. Each collar is constructed using reclaimed leather, navy marine-grade, UV-resistant rope and 100% solid brass hardware. Attached to each collar is a stamped FOUND tag as a symbol of a celebration of dogs and people finding each other.','<ul><li>US - manufactured marine-grade rope and leather</li><li>100% solid brass hardware</li></ul>','Handwash',3,10001,'','');
INSERT INTO `Product`(`item_no`, `name`, `price`, `weight`, `out_of_stock`, `detail`, `material`, `care_instruction`, `brands`, `catagories`, `size`, `extra_label`) VALUES (23209,'Purple fade rope adjustable leash',0,0,0,'This classic leash gets more beautiful with age and will last for years to come. Handcrafted in Brooklyn, NY for adopted animals and their people, our leashes are hand-spliced to withstand hundreds of pounds of pull with the ends then "whipped" (an old nautical term) for additional durability.<br><br>Nothing ages more beautifully than marine-grade rope and hardware. The individually-numbered, stamped tags on each FOUND leash remind us of the uniqueness of our animal, and allow us to keep track of the number of animals we have helped so far.<br><br>Hand washable','<ul><li>US - manufactured marine-grade rope and leather</li><li>100% solid brass hardware</li></ul>','Handwash',3,10001,'','');

INSERT INTO `Product`(`item_no`, `name`, `price`, `weight`, `out_of_stock`, `detail`, `material`, `care_instruction`, `brands`, `catagories`, `size`, `extra_label`) VALUES (55203,'Savannah Round Bed',0,0,0,'Yeah, pets seems like people. But this bed lets your dog or cat remember they are card-carrying members of the wild kingdom, too. The animal print on the Savannah bed gives your pet the perfect place to flop after a day of untamed fun.<br><ul><li>Ultra-soft velvet material with custom-made P.L.A.Y. zipper</li><li>Furniture-grade craftsmanship and even-basting stitching ensures dog-years of use</li><li>Filled with the perfect amount and density of high-loft PlanetFill filler</li><li>Eco-friendly PlanetFill filler is made from 100% post-consumer certified-safe recycled plastic bottles</li></ul>','<ul><li>Eco-friendly, certified-safe PlanetFill filler, made from 100% post-consumer recycled plastic bottles</li><li>Cotton and Polyester</li></ul>','Machine washable and dryer friendly',5,10004,'','');
INSERT INTO `Product`(`item_no`, `name`, `price`, `weight`, `out_of_stock`, `detail`, `material`, `care_instruction`, `brands`, `catagories`, `size`, `extra_label`) VALUES (55400,'Raven Black Outdoor Bed',0,0,0,'Dozing al fresco is one of the finer things in a dog\'s life. That, and fresh air, a warm sunbeam, and a soft bed. P.L.A.Y.\'s Outdoor Dog Bed adds stylish comfort to your deck, garden, gazebo, and poolside. These washable, waterproof dog beds are sure to please your pup.<br><ul><li>Features a unique and modern chevron design by SF designer Dave Collins</li><li>Made of durable and high performance 600-Denier PE fabrics that are commonly found in outdoor and camping products, these beds are waterproof and Intertek-certified UV-resistant to prevent water seepage and discoloration</li><li>Filled with the perfect amount and density of high-loft PlanetFill filler</li><li>Easy to clean! Removable & waterproof dog bed covers and inserts are both machine washable and dryable</li></ul>','<ul><li>Eco-friendly, certified-safe PlanetFill filler, made from 100% post-consumer recycled plastic bottles</li><li>Waterproof and UV-resistant fabric</li></ul>','Machine washable and dryer friendly',5,10004,'','');
INSERT INTO `Product`(`item_no`, `name`, `price`, `weight`, `out_of_stock`, `detail`, `material`, `care_instruction`, `brands`, `catagories`, `size`, `extra_label`) VALUES (55401,'Daffodil Yellow Outdoor Bed',0,0,0,'Dozing al fresco is one of the finer things in a dog\'s life. That, and fresh air, a warm sunbeam, and a soft bed. P.L.A.Y.\'s Outdoor Dog Bed adds stylish comfort to your deck, garden, gazebo, and poolside. These washable, waterproof dog beds are sure to please your pup.<br><ul><li>Features a unique and modern chevron design by SF designer Dave Collins</li><li>Made of durable and high performance 600-Denier PE fabrics that are commonly found in outdoor and camping products, these beds are waterproof and Intertek-certified UV-resistant to prevent water seepage and discoloration</li><li>Filled with the perfect amount and density of high-loft PlanetFill filler</li><li>Easy to clean! Removable & waterproof dog bed covers and inserts are both machine washable and dryable</li></ul>','<ul><li>Eco-friendly, certified-safe PlanetFill filler, made from 100% post-consumer recycled plastic bottles</li><li>Waterproof and UV-resistant fabric</li></ul>','Machine washable and dryer friendly',5,10004,'','');
INSERT INTO `Product`(`item_no`, `name`, `price`, `weight`, `out_of_stock`, `detail`, `material`, `care_instruction`, `brands`, `catagories`, `size`, `extra_label`) VALUES (55402,'Barn Red Outdoor Bed',0,0,0,'Dozing al fresco is one of the finer things in a dog\'s life. That, and fresh air, a warm sunbeam, and a soft bed. P.L.A.Y.\'s Outdoor Dog Bed adds stylish comfort to your deck, garden, gazebo, and poolside. These washable, waterproof dog beds are sure to please your pup.<br><ul><li>Features a unique and modern chevron design by SF designer Dave Collins</li><li>Made of durable and high performance 600-Denier PE fabrics that are commonly found in outdoor and camping products, these beds are waterproof and Intertek-certified UV-resistant to prevent water seepage and discoloration</li><li>Filled with the perfect amount and density of high-loft PlanetFill filler</li><li>Easy to clean! Removable & waterproof dog bed covers and inserts are both machine washable and dryable</li></ul>','<ul><li>Eco-friendly, certified-safe PlanetFill filler, made from 100% post-consumer recycled plastic bottles</li><li>Waterproof and UV-resistant fabric</li></ul>','Machine washable and dryer friendly',5,10004,'','');

--INSERT Product_Color
INSERT INTO `Product_Color`(`item_no`, `color`) VALUES (30060,'Blue/Green');
INSERT INTO `Product_Color`(`item_no`, `color`) VALUES (30061,'Orange/Glow');
INSERT INTO `Product_Color`(`item_no`, `color`) VALUES (30062,'Pink/Blue');
INSERT INTO `Product_Color`(`item_no`, `color`) VALUES (30063,'Blue');
INSERT INTO `Product_Color`(`item_no`, `color`) VALUES (30064,'Green');
INSERT INTO `Product_Color`(`item_no`, `color`) VALUES (30065,'Pink');
INSERT INTO `Product_Color`(`item_no`, `color`) VALUES (30067,'White/Glow');
INSERT INTO `Product_Color`(`item_no`, `color`) VALUES (30068,'Orange');
INSERT INTO `Product_Color`(`item_no`, `color`) VALUES (30068,'Titanium');
INSERT INTO `Product_Color`(`item_no`, `color`) VALUES (30069,'White/Glow');
INSERT INTO `Product_Color`(`item_no`, `color`) VALUES (30070,'Green');
INSERT INTO `Product_Color`(`item_no`, `color`) VALUES (30070,'Pink');

--INSERT Product_Detail
INSERT INTO `Product_Detail`(`item_no`, `size`, `price`, `weight`, `dimension`, `stock`) VALUES (30045,'ONE',0,0,'<ul><li>3 (1/4)" diameter</li></ul>',1);
INSERT INTO `Product_Detail`(`item_no`, `size`, `price`, `weight`, `dimension`, `stock`) VALUES (30046,'ONE',0,0,'<ul><li>5 (3/4)" high</li></ul>',1);
INSERT INTO `Product_Detail`(`item_no`, `size`, `price`, `weight`, `dimension`, `stock`) VALUES (30047,'ONE',0,0,'<ul><li>3 (3/4)" high</li></ul>',1);
INSERT INTO `Product_Detail`(`item_no`, `size`, `price`, `weight`, `dimension`, `stock`) VALUES (30048,'ONE',0,0,'<ul><li>3" high</li></ul>',1);
INSERT INTO `Product_Detail`(`item_no`, `size`, `price`, `weight`, `dimension`, `stock`) VALUES (30049,'ONE',0,0,'<ul><li>1 (3/4)" high</li></ul>',1);
INSERT INTO `Product_Detail`(`item_no`, `size`, `price`, `weight`, `dimension`, `stock`) VALUES (30050,'ONE',0,0,'<ul><li>3 (1/4)" diameter</li></ul>',1);
INSERT INTO `Product_Detail`(`item_no`, `size`, `price`, `weight`, `dimension`, `stock`) VALUES (30051,'ONE',0,0,'<ul><li>3 (1/4)" diameter</li></ul>',1);
INSERT INTO `Product_Detail`(`item_no`, `size`, `price`, `weight`, `dimension`, `stock`) VALUES (30052,'ONE',0,0,'<ul><li>5" diameter</li></ul>',1);
INSERT INTO `Product_Detail`(`item_no`, `size`, `price`, `weight`, `dimension`, `stock`) VALUES (30053,'ONE',0,0,'<ul><li>4" diameter</li></ul>',1);
INSERT INTO `Product_Detail`(`item_no`, `size`, `price`, `weight`, `dimension`, `stock`) VALUES (30054,'ONE',0,0,'<ul><li>3"</li></ul>',1);
INSERT INTO `Product_Detail`(`item_no`, `size`, `price`, `weight`, `dimension`, `stock`) VALUES (30055,'ONE',0,0,'<ul><li>2 (1/4)" diameter</li></ul>',1);
INSERT INTO `Product_Detail`(`item_no`, `size`, `price`, `weight`, `dimension`, `stock`) VALUES (30056,'ONE',0,0,'<ul><li>2 (1/2)" diameter</li></ul>',1);
INSERT INTO `Product_Detail`(`item_no`, `size`, `price`, `weight`, `dimension`, `stock`) VALUES (30057,'ONE',0,0,'<ul><li>3 (1/4)" diameter</li></ul>',1);
INSERT INTO `Product_Detail`(`item_no`, `size`, `price`, `weight`, `dimension`, `stock`) VALUES (30058,'ONE',0,0,'<ul><li>6" long</li></ul>',1);
INSERT INTO `Product_Detail`(`item_no`, `size`, `price`, `weight`, `dimension`, `stock`) VALUES (30059,'ONE',0,0,'<ul><li>5" diameter</li></ul>',1);
INSERT INTO `Product_Detail`(`item_no`, `size`, `price`, `weight`, `dimension`, `stock`) VALUES (30060,'S',415,0.11,'<ul><li>2 (1/4)" diameter. FOR EXTRA SMALL DOGS ONLY.</li></ul>','Blue/Green:1');
INSERT INTO `Product_Detail`(`item_no`, `size`, `price`, `weight`, `dimension`, `stock`) VALUES (30060,'M',665,0.15,'<ul><li>3 (1/4)" diameter.</li></ul>','Blue/Green:1');
INSERT INTO `Product_Detail`(`item_no`, `size`, `price`, `weight`, `dimension`, `stock`) VALUES (30060,'L',788,0.31,'<ul><li>4 (1/4)" diameter.</li></ul>','Blue/Green:1');
INSERT INTO `Product_Detail`(`item_no`, `size`, `price`, `weight`, `dimension`, `stock`) VALUES (30061,'S',415,0.11,'<ul><li>2 (1/4)" diameter. FOR EXTRA SMALL DOGS ONLY.</li></ul>','Orange/Glow:1');
INSERT INTO `Product_Detail`(`item_no`, `size`, `price`, `weight`, `dimension`, `stock`) VALUES (30061,'M',665,0.15,'<ul><li>3 (1/4)" diameter.</li></ul>','Orange/Glow:1');
INSERT INTO `Product_Detail`(`item_no`, `size`, `price`, `weight`, `dimension`, `stock`) VALUES (30061,'L',788,0.31,'<ul><li>4 (1/4)" diameter.</li></ul>','Orange/Glow:1');
INSERT INTO `Product_Detail`(`item_no`, `size`, `price`, `weight`, `dimension`, `stock`) VALUES (30062,'S',415,0.11,'<ul><li>2 (1/4)" diameter. FOR EXTRA SMALL DOGS ONLY.</li></ul>','Pink/Blue:1');
INSERT INTO `Product_Detail`(`item_no`, `size`, `price`, `weight`, `dimension`, `stock`) VALUES (30062,'M',665,0.15,'<ul><li>3 (1/4)" diameter.</li></ul>','Pink/Blue:1');
INSERT INTO `Product_Detail`(`item_no`, `size`, `price`, `weight`, `dimension`, `stock`) VALUES (30062,'L',788,0.31,'<ul><li>4 (1/4)" diameter.</li></ul>','Pink/Blue:1');
INSERT INTO `Product_Detail`(`item_no`, `size`, `price`, `weight`, `dimension`, `stock`) VALUES (30063,'XS',330,0.062,'<ul><li>3 (1/2)" long . FOR EXTRA SMALL DOGS ONLY.</li></ul>','Blue:1');
INSERT INTO `Product_Detail`(`item_no`, `size`, `price`, `weight`, `dimension`, `stock`) VALUES (30063,'S',495,0.09,'<ul><li>5" long</li></ul>','Blue:1');
INSERT INTO `Product_Detail`(`item_no`, `size`, `price`, `weight`, `dimension`, `stock`) VALUES (30063,'M',620,0.18,'<ul><li>6 (1/2)" long</li></ul>','Blue:1');
INSERT INTO `Product_Detail`(`item_no`, `size`, `price`, `weight`, `dimension`, `stock`) VALUES (30063,'L',788,0.36,'<ul><li>8" long</li></ul>','Blue:1');
INSERT INTO `Product_Detail`(`item_no`, `size`, `price`, `weight`, `dimension`, `stock`) VALUES (30064,'XS',330,0.062,'<ul><li>3 (1/2)" long . FOR EXTRA SMALL DOGS ONLY.</li></ul>','Green:1');
INSERT INTO `Product_Detail`(`item_no`, `size`, `price`, `weight`, `dimension`, `stock`) VALUES (30064,'S',495,0.09,'<ul><li>5" long</li></ul>','Green:1');
INSERT INTO `Product_Detail`(`item_no`, `size`, `price`, `weight`, `dimension`, `stock`) VALUES (30064,'M',620,0.18,'<ul><li>6 (1/2)" long</li></ul>','Green:1');
INSERT INTO `Product_Detail`(`item_no`, `size`, `price`, `weight`, `dimension`, `stock`) VALUES (30064,'L',788,0.36,'<ul><li>8" long</li></ul>','Green:1');
INSERT INTO `Product_Detail`(`item_no`, `size`, `price`, `weight`, `dimension`, `stock`) VALUES (30065,'XS',330,0.062,'<ul><li>3 (1/2)" long . FOR EXTRA SMALL DOGS ONLY.</li></ul>','Pink:1');
INSERT INTO `Product_Detail`(`item_no`, `size`, `price`, `weight`, `dimension`, `stock`) VALUES (30065,'S',495,0.09,'<ul><li>5" long</li></ul>','Pink:1');
INSERT INTO `Product_Detail`(`item_no`, `size`, `price`, `weight`, `dimension`, `stock`) VALUES (30065,'M',620,0.18,'<ul><li>6 (1/2)" long</li></ul>','Pink:1');
INSERT INTO `Product_Detail`(`item_no`, `size`, `price`, `weight`, `dimension`, `stock`) VALUES (30065,'L',788,0.36,'<ul><li>8" long</li></ul>','Pink:1');
INSERT INTO `Product_Detail`(`item_no`, `size`, `price`, `weight`, `dimension`, `stock`) VALUES (30066,'ONE',0,0,'<ul><li>3 (1/4)" diameter</li></ul>',1);
INSERT INTO `Product_Detail`(`item_no`, `size`, `price`, `weight`, `dimension`, `stock`) VALUES (30067,'ONE',0,0,'<ul><li>6.5" long</li></ul>','White/Glow:1');
INSERT INTO `Product_Detail`(`item_no`, `size`, `price`, `weight`, `dimension`, `stock`) VALUES (30068,'ONE',0,0,'<ul><li>3 (1/4)" diameter</li></ul>','Orange:1,Titanium:1');
INSERT INTO `Product_Detail`(`item_no`, `size`, `price`, `weight`, `dimension`, `stock`) VALUES (30069,'ONE',0,0,'<ul><li>2.5" diameter</li></ul>','White/Glow:1');
INSERT INTO `Product_Detail`(`item_no`, `size`, `price`, `weight`, `dimension`, `stock`) VALUES (30070,'ONE',0,0,'<ul><li>5" diameter</li></ul>','Green:1,Pink:1');

INSERT INTO `Product_Detail`(`item_no`, `size`, `price`, `weight`, `dimension`, `stock`) VALUES (23009,'XL',1940,0.16,'<ul><li>Weight 40+ lbs</li><li>Length 19-22.5 inch</li><li>Thickness 1 inch</li></ul>','Pink:1');
INSERT INTO `Product_Detail`(`item_no`, `size`, `price`, `weight`, `dimension`, `stock`) VALUES (23009,'L',1940,0.15,'<ul><li>Weight 30-40 lbs</li><li>Length 15-18 inch</li><li>Thickness 7/8 inch</li></ul>','Pink:1');
INSERT INTO `Product_Detail`(`item_no`, `size`, `price`, `weight`, `dimension`, `stock`) VALUES (23009,'M',1940,0.085,'<ul><li>Weight 12-30 lbs</li><li>Length 12.5-15 inch</li><li>Thickness 5/8 inch</li></ul>',1);
INSERT INTO `Product_Detail`(`item_no`, `size`, `price`, `weight`, `dimension`, `stock`) VALUES (23009,'S',1940,0.085,'<ul><li>Weight 5-12 lbs</li><li>Length 10-13 inch</li><li>Thickness 1/2 inch</li></ul>','White/Glow:1');
INSERT INTO `Product_Detail`(`item_no`, `size`, `price`, `weight`, `dimension`, `stock`) VALUES (23209,'L',2000,0.43,'<ul><li>Weight 35+ lbs</li><li>Length 7 ft.</li><li>Thickness 12 mm</li></ul>','Orange:1,Titanium:1');
INSERT INTO `Product_Detail`(`item_no`, `size`, `price`, `weight`, `dimension`, `stock`) VALUES (23209,'M',2000,0.26,'<ul><li>Weight 12-30 lbs</li><li>Length 7 ft.</li><li>Thickness 8 mm</li></ul>','White/Glow:1');
INSERT INTO `Product_Detail`(`item_no`, `size`, `price`, `weight`, `dimension`, `stock`) VALUES (23209,'S',2000,0.15,'<ul><li>Weight 5-12 lbs</li><li>Length 7 ft.</li><li>Thickness 6 mm</li></ul>','Green:1,Pink:1');

INSERT INTO `Product_Detail`(`item_no`, `size`, `price`, `weight`, `dimension`, `stock`) VALUES (55000,'L',5700,5.08,'Outer dimensions<br>&nbsp&nbsp&nbsp- 38"L x 30"W x 9"H<br>Inner dimensions<br>&nbsp&nbsp&nbsp- 27.5"L x 20"W<br>Weight Recommendation<br>&nbsp&nbsp&nbsp- up to 95 lbs',1);
INSERT INTO `Product_Detail`(`item_no`, `size`, `price`, `weight`, `dimension`, `stock`) VALUES (55000,'XL',6980,6.09,'Outer dimensions<br>&nbsp&nbsp&nbsp- 44"L x 37"W x 10"H<br>Inner dimensions<br>&nbsp&nbsp&nbsp- 32"L x 25"W<br>Weight Recommendation<br>&nbsp&nbsp&nbsp- up to 96 lbs',1);
INSERT INTO `Product_Detail`(`item_no`, `size`, `price`, `weight`, `dimension`, `stock`) VALUES (55003,'L',5700,5.08,'Outer dimensions<br>&nbsp&nbsp&nbsp- 38"L x 30"W x 9"H<br>Inner dimensions<br>&nbsp&nbsp&nbsp- 27.5"L x 20"W<br>Weight Recommendation<br>&nbsp&nbsp&nbsp- up to 95 lbs',1);
INSERT INTO `Product_Detail`(`item_no`, `size`, `price`, `weight`, `dimension`, `stock`) VALUES (55003,'XL',6980,6.09,'Outer dimensions<br>&nbsp&nbsp&nbsp- 44"L x 37"W x 10"H<br>Inner dimensions<br>&nbsp&nbsp&nbsp- 32"L x 25"W<br>Weight Recommendation<br>&nbsp&nbsp&nbsp- up to 96 lbs',1);
INSERT INTO `Product_Detail`(`item_no`, `size`, `price`, `weight`, `dimension`, `stock`) VALUES (55004,'L',5700,5.08,'Outer dimensions<br>&nbsp&nbsp&nbsp- 38"L x 30"W x 9"H<br>Inner dimensions<br>&nbsp&nbsp&nbsp- 27.5"L x 20"W<br>Weight Recommendation<br>&nbsp&nbsp&nbsp- up to 95 lbs',1);
INSERT INTO `Product_Detail`(`item_no`, `size`, `price`, `weight`, `dimension`, `stock`) VALUES (55004,'XL',6980,6.09,'Outer dimensions<br>&nbsp&nbsp&nbsp- 44"L x 37"W x 10"H<br>Inner dimensions<br>&nbsp&nbsp&nbsp- 32"L x 25"W<br>Weight Recommendation<br>&nbsp&nbsp&nbsp- up to 96 lbs',1);
INSERT INTO `Product_Detail`(`item_no`, `size`, `price`, `weight`, `dimension`, `stock`) VALUES (55200,'S',3500,2.77,'<ul><li>28"</li><li>Recommended for small dogs weighing up to 20 lbs.</li></ul>',1);
INSERT INTO `Product_Detail`(`item_no`, `size`, `price`, `weight`, `dimension`, `stock`) VALUES (55200,'M',4500,3.8,'<ul><li>36"</li><li>Recommended for small dogs weighing up to 60 lbs.</li></ul>',1);
INSERT INTO `Product_Detail`(`item_no`, `size`, `price`, `weight`, `dimension`, `stock`) VALUES (55200,'L',6050,5.54,'<ul><li>42"</li><li>Recommended for small dogs weighing up to 110 lbs.</li></ul>',1);
INSERT INTO `Product_Detail`(`item_no`, `size`, `price`, `weight`, `dimension`, `stock`) VALUES (55202,'S',3500,2.77,'<ul><li>28"</li><li>Recommended for small dogs weighing up to 20 lbs.</li></ul>',1);
INSERT INTO `Product_Detail`(`item_no`, `size`, `price`, `weight`, `dimension`, `stock`) VALUES (55202,'M',4500,3.8,'<ul><li>36"</li><li>Recommended for small dogs weighing up to 60 lbs.</li></ul>',1);
INSERT INTO `Product_Detail`(`item_no`, `size`, `price`, `weight`, `dimension`, `stock`) VALUES (55202,'L',6050,5.54,'<ul><li>42"</li><li>Recommended for small dogs weighing up to 110 lbs.</li></ul>',1);

INSERT INTO `Product_Detail`(`item_no`, `size`, `price`, `weight`, `dimension`, `stock`) VALUES (55203,'S',3500,2.77,'<ul><li>28"</li><li>Recommended for small dogs weighing up to 20 lbs.</li></ul>',1);
INSERT INTO `Product_Detail`(`item_no`, `size`, `price`, `weight`, `dimension`, `stock`) VALUES (55203,'M',4500,3.8,'<ul><li>36"</li><li>Recommended for small dogs weighing up to 60 lbs.</li></ul>',1);
INSERT INTO `Product_Detail`(`item_no`, `size`, `price`, `weight`, `dimension`, `stock`) VALUES (55203,'L',6050,5.54,'<ul><li>42"</li><li>Recommended for small dogs weighing up to 110 lbs.</li></ul>',1);
INSERT INTO `Product_Detail`(`item_no`, `size`, `price`, `weight`, `dimension`, `stock`) VALUES (55400,'S',3200,2.64,'<ul><li>28" x 20.5" x 8"</li><li>Recommended for small dogs weighing up to 20 lbs.</li></ul>',1);
INSERT INTO `Product_Detail`(`item_no`, `size`, `price`, `weight`, `dimension`, `stock`) VALUES (55400,'M',4100,3.64,'<ul><li>37" x 27.5" x 8.5"</li><li>Recommended for small dogs weighing up to 60 lbs.</li></ul>',1);
INSERT INTO `Product_Detail`(`item_no`, `size`, `price`, `weight`, `dimension`, `stock`) VALUES (55400,'L',5000,5.95,'<ul><li>48" x 35.5" x 11"</li><li>Recommended for small dogs weighing up to 130 lbs.</li></ul>',1);
INSERT INTO `Product_Detail`(`item_no`, `size`, `price`, `weight`, `dimension`, `stock`) VALUES (55401,'S',3200,2.64,'<ul><li>28" x 20.5" x 8"</li><li>Recommended for small dogs weighing up to 20 lbs.</li></ul>',1);
INSERT INTO `Product_Detail`(`item_no`, `size`, `price`, `weight`, `dimension`, `stock`) VALUES (55401,'M',4100,3.64,'<ul><li>37" x 27.5" x 8.5"</li><li>Recommended for small dogs weighing up to 60 lbs.</li></ul>',1);
INSERT INTO `Product_Detail`(`item_no`, `size`, `price`, `weight`, `dimension`, `stock`) VALUES (55401,'L',5000,5.95,'<ul><li>48" x 35.5" x 11"</li><li>Recommended for small dogs weighing up to 130 lbs.</li></ul>',1);
INSERT INTO `Product_Detail`(`item_no`, `size`, `price`, `weight`, `dimension`, `stock`) VALUES (55402,'S',3200,2.64,'<ul><li>28" x 20.5" x 8"</li><li>Recommended for small dogs weighing up to 20 lbs.</li></ul>',1);
INSERT INTO `Product_Detail`(`item_no`, `size`, `price`, `weight`, `dimension`, `stock`) VALUES (55402,'M',4100,3.64,'<ul><li>37" x 27.5" x 8.5"</li><li>Recommended for small dogs weighing up to 60 lbs.</li></ul>',1);
INSERT INTO `Product_Detail`(`item_no`, `size`, `price`, `weight`, `dimension`, `stock`) VALUES (55402,'L',5000,5.95,'<ul><li>48" x 35.5" x 11"</li><li>Recommended for small dogs weighing up to 130 lbs.</li></ul>',1);

--DELETE 50007 & 50008 size M detail
DELETE FROM `sundaydogs_prod`.`Product_Detail` WHERE `Product_Detail`.`item_no` = 50009 AND `Product_Detail`.`size` = 'M';
DELETE FROM `sundaydogs_prod`.`Product_Detail` WHERE `Product_Detail`.`item_no` = 50007 AND `Product_Detail`.`size` = 'M';

--UPDATE new ItemNo
UPDATE `Product` SET `item_no`=11000 WHERE `item_no`=10001;	UPDATE `Product_Color` SET `item_no`=11000 WHERE `item_no`=10001;	UPDATE `Product_Detail` SET `item_no`=11000 WHERE `item_no`=10001;
UPDATE `Product` SET `item_no`=11001 WHERE `item_no`=10002;	UPDATE `Product_Color` SET `item_no`=11001 WHERE `item_no`=10002;	UPDATE `Product_Detail` SET `item_no`=11001 WHERE `item_no`=10002;
UPDATE `Product` SET `item_no`=11002 WHERE `item_no`=10003;	UPDATE `Product_Color` SET `item_no`=11002 WHERE `item_no`=10003;	UPDATE `Product_Detail` SET `item_no`=11002 WHERE `item_no`=10003;
UPDATE `Product` SET `item_no`=11003 WHERE `item_no`=10004;	UPDATE `Product_Color` SET `item_no`=11003 WHERE `item_no`=10004;	UPDATE `Product_Detail` SET `item_no`=11003 WHERE `item_no`=10004;
UPDATE `Product` SET `item_no`=11004 WHERE `item_no`=10005;	UPDATE `Product_Color` SET `item_no`=11004 WHERE `item_no`=10005;	UPDATE `Product_Detail` SET `item_no`=11004 WHERE `item_no`=10005;
UPDATE `Product` SET `item_no`=11005 WHERE `item_no`=10006;	UPDATE `Product_Color` SET `item_no`=11005 WHERE `item_no`=10006;	UPDATE `Product_Detail` SET `item_no`=11005 WHERE `item_no`=10006;
UPDATE `Product` SET `item_no`=11006 WHERE `item_no`=10007;	UPDATE `Product_Color` SET `item_no`=11006 WHERE `item_no`=10007;	UPDATE `Product_Detail` SET `item_no`=11006 WHERE `item_no`=10007;
UPDATE `Product` SET `item_no`=11007 WHERE `item_no`=10008;	UPDATE `Product_Color` SET `item_no`=11007 WHERE `item_no`=10008;	UPDATE `Product_Detail` SET `item_no`=11007 WHERE `item_no`=10008;
UPDATE `Product` SET `item_no`=11008 WHERE `item_no`=10009;	UPDATE `Product_Color` SET `item_no`=11008 WHERE `item_no`=10009;	UPDATE `Product_Detail` SET `item_no`=11008 WHERE `item_no`=10009;
UPDATE `Product` SET `item_no`=11009 WHERE `item_no`=10010;	UPDATE `Product_Color` SET `item_no`=11009 WHERE `item_no`=10010;	UPDATE `Product_Detail` SET `item_no`=11009 WHERE `item_no`=10010;
UPDATE `Product` SET `item_no`=11010 WHERE `item_no`=10011;	UPDATE `Product_Color` SET `item_no`=11010 WHERE `item_no`=10011;	UPDATE `Product_Detail` SET `item_no`=11010 WHERE `item_no`=10011;
UPDATE `Product` SET `item_no`=12000 WHERE `item_no`=10012;	UPDATE `Product_Color` SET `item_no`=12000 WHERE `item_no`=10012;	UPDATE `Product_Detail` SET `item_no`=12000 WHERE `item_no`=10012;
UPDATE `Product` SET `item_no`=12001 WHERE `item_no`=10013;	UPDATE `Product_Color` SET `item_no`=12001 WHERE `item_no`=10013;	UPDATE `Product_Detail` SET `item_no`=12001 WHERE `item_no`=10013;
UPDATE `Product` SET `item_no`=23000 WHERE `item_no`=20001;	UPDATE `Product_Color` SET `item_no`=23000 WHERE `item_no`=20001;	UPDATE `Product_Detail` SET `item_no`=23000 WHERE `item_no`=20001;
UPDATE `Product` SET `item_no`=23001 WHERE `item_no`=20002;	UPDATE `Product_Color` SET `item_no`=23001 WHERE `item_no`=20002;	UPDATE `Product_Detail` SET `item_no`=23001 WHERE `item_no`=20002;
UPDATE `Product` SET `item_no`=23002 WHERE `item_no`=20003;	UPDATE `Product_Color` SET `item_no`=23002 WHERE `item_no`=20003;	UPDATE `Product_Detail` SET `item_no`=23002 WHERE `item_no`=20003;
UPDATE `Product` SET `item_no`=23003 WHERE `item_no`=20004;	UPDATE `Product_Color` SET `item_no`=23003 WHERE `item_no`=20004;	UPDATE `Product_Detail` SET `item_no`=23003 WHERE `item_no`=20004;
UPDATE `Product` SET `item_no`=23004 WHERE `item_no`=20005;	UPDATE `Product_Color` SET `item_no`=23004 WHERE `item_no`=20005;	UPDATE `Product_Detail` SET `item_no`=23004 WHERE `item_no`=20005;
UPDATE `Product` SET `item_no`=23005 WHERE `item_no`=20006;	UPDATE `Product_Color` SET `item_no`=23005 WHERE `item_no`=20006;	UPDATE `Product_Detail` SET `item_no`=23005 WHERE `item_no`=20006;
UPDATE `Product` SET `item_no`=23006 WHERE `item_no`=20008;	UPDATE `Product_Color` SET `item_no`=23006 WHERE `item_no`=20008;	UPDATE `Product_Detail` SET `item_no`=23006 WHERE `item_no`=20008;
UPDATE `Product` SET `item_no`=23007 WHERE `item_no`=20009;	UPDATE `Product_Color` SET `item_no`=23007 WHERE `item_no`=20009;	UPDATE `Product_Detail` SET `item_no`=23007 WHERE `item_no`=20009;
UPDATE `Product` SET `item_no`=23008 WHERE `item_no`=20010;	UPDATE `Product_Color` SET `item_no`=23008 WHERE `item_no`=20010;	UPDATE `Product_Detail` SET `item_no`=23008 WHERE `item_no`=20010;
		
UPDATE `Product` SET `item_no`=23100 WHERE `item_no`=20007;	UPDATE `Product_Color` SET `item_no`=23100 WHERE `item_no`=20007;	UPDATE `Product_Detail` SET `item_no`=23100 WHERE `item_no`=20007;
UPDATE `Product` SET `item_no`=23200 WHERE `item_no`=20011;	UPDATE `Product_Color` SET `item_no`=23200 WHERE `item_no`=20011;	UPDATE `Product_Detail` SET `item_no`=23200 WHERE `item_no`=20011;
UPDATE `Product` SET `item_no`=23201 WHERE `item_no`=20012;	UPDATE `Product_Color` SET `item_no`=23201 WHERE `item_no`=20012;	UPDATE `Product_Detail` SET `item_no`=23201 WHERE `item_no`=20012;
UPDATE `Product` SET `item_no`=23202 WHERE `item_no`=20013;	UPDATE `Product_Color` SET `item_no`=23202 WHERE `item_no`=20013;	UPDATE `Product_Detail` SET `item_no`=23202 WHERE `item_no`=20013;
UPDATE `Product` SET `item_no`=23203 WHERE `item_no`=20014;	UPDATE `Product_Color` SET `item_no`=23203 WHERE `item_no`=20014;	UPDATE `Product_Detail` SET `item_no`=23203 WHERE `item_no`=20014;
UPDATE `Product` SET `item_no`=23204 WHERE `item_no`=20015;	UPDATE `Product_Color` SET `item_no`=23204 WHERE `item_no`=20015;	UPDATE `Product_Detail` SET `item_no`=23204 WHERE `item_no`=20015;
UPDATE `Product` SET `item_no`=23205 WHERE `item_no`=20016;	UPDATE `Product_Color` SET `item_no`=23205 WHERE `item_no`=20016;	UPDATE `Product_Detail` SET `item_no`=23205 WHERE `item_no`=20016;
UPDATE `Product` SET `item_no`=23206 WHERE `item_no`=20017;	UPDATE `Product_Color` SET `item_no`=23206 WHERE `item_no`=20017;	UPDATE `Product_Detail` SET `item_no`=23206 WHERE `item_no`=20017;
UPDATE `Product` SET `item_no`=23207 WHERE `item_no`=20018;	UPDATE `Product_Color` SET `item_no`=23207 WHERE `item_no`=20018;	UPDATE `Product_Detail` SET `item_no`=23207 WHERE `item_no`=20018;
UPDATE `Product` SET `item_no`=23208 WHERE `item_no`=20019;	UPDATE `Product_Color` SET `item_no`=23208 WHERE `item_no`=20019;	UPDATE `Product_Detail` SET `item_no`=23208 WHERE `item_no`=20019;
		
UPDATE `Product` SET `item_no`=23210 WHERE `item_no`=20020;	UPDATE `Product_Color` SET `item_no`=23210 WHERE `item_no`=20020;	UPDATE `Product_Detail` SET `item_no`=23210 WHERE `item_no`=20020;
UPDATE `Product` SET `item_no`=23300 WHERE `item_no`=20021;	UPDATE `Product_Color` SET `item_no`=23300 WHERE `item_no`=20021;	UPDATE `Product_Detail` SET `item_no`=23300 WHERE `item_no`=20021;
UPDATE `Product` SET `item_no`=23301 WHERE `item_no`=20022;	UPDATE `Product_Color` SET `item_no`=23301 WHERE `item_no`=20022;	UPDATE `Product_Detail` SET `item_no`=23301 WHERE `item_no`=20022;
UPDATE `Product` SET `item_no`=23302 WHERE `item_no`=20023;	UPDATE `Product_Color` SET `item_no`=23302 WHERE `item_no`=20023;	UPDATE `Product_Detail` SET `item_no`=23302 WHERE `item_no`=20023;
UPDATE `Product` SET `item_no`=24000 WHERE `item_no`=20024;	UPDATE `Product_Color` SET `item_no`=24000 WHERE `item_no`=20024;	UPDATE `Product_Detail` SET `item_no`=24000 WHERE `item_no`=20024;
UPDATE `Product` SET `item_no`=24001 WHERE `item_no`=20025;	UPDATE `Product_Color` SET `item_no`=24001 WHERE `item_no`=20025;	UPDATE `Product_Detail` SET `item_no`=24001 WHERE `item_no`=20025;
UPDATE `Product` SET `item_no`=24002 WHERE `item_no`=20026;	UPDATE `Product_Color` SET `item_no`=24002 WHERE `item_no`=20026;	UPDATE `Product_Detail` SET `item_no`=24002 WHERE `item_no`=20026;
UPDATE `Product` SET `item_no`=24003 WHERE `item_no`=20027;	UPDATE `Product_Color` SET `item_no`=24003 WHERE `item_no`=20027;	UPDATE `Product_Detail` SET `item_no`=24003 WHERE `item_no`=20027;
UPDATE `Product` SET `item_no`=24004 WHERE `item_no`=20028;	UPDATE `Product_Color` SET `item_no`=24004 WHERE `item_no`=20028;	UPDATE `Product_Detail` SET `item_no`=24004 WHERE `item_no`=20028;
UPDATE `Product` SET `item_no`=24005 WHERE `item_no`=20029;	UPDATE `Product_Color` SET `item_no`=24005 WHERE `item_no`=20029;	UPDATE `Product_Detail` SET `item_no`=24005 WHERE `item_no`=20029;
UPDATE `Product` SET `item_no`=24006 WHERE `item_no`=20030;	UPDATE `Product_Color` SET `item_no`=24006 WHERE `item_no`=20030;	UPDATE `Product_Detail` SET `item_no`=24006 WHERE `item_no`=20030;
UPDATE `Product` SET `item_no`=24007 WHERE `item_no`=20031;	UPDATE `Product_Color` SET `item_no`=24007 WHERE `item_no`=20031;	UPDATE `Product_Detail` SET `item_no`=24007 WHERE `item_no`=20031;
UPDATE `Product` SET `item_no`=24008 WHERE `item_no`=20032;	UPDATE `Product_Color` SET `item_no`=24008 WHERE `item_no`=20032;	UPDATE `Product_Detail` SET `item_no`=24008 WHERE `item_no`=20032;
UPDATE `Product` SET `item_no`=24009 WHERE `item_no`=20033;	UPDATE `Product_Color` SET `item_no`=24009 WHERE `item_no`=20033;	UPDATE `Product_Detail` SET `item_no`=24009 WHERE `item_no`=20033;
UPDATE `Product` SET `item_no`=24010 WHERE `item_no`=20034;	UPDATE `Product_Color` SET `item_no`=24010 WHERE `item_no`=20034;	UPDATE `Product_Detail` SET `item_no`=24010 WHERE `item_no`=20034;
UPDATE `Product` SET `item_no`=24011 WHERE `item_no`=20035;	UPDATE `Product_Color` SET `item_no`=24011 WHERE `item_no`=20035;	UPDATE `Product_Detail` SET `item_no`=24011 WHERE `item_no`=20035;
UPDATE `Product` SET `item_no`=24012 WHERE `item_no`=20036;	UPDATE `Product_Color` SET `item_no`=24012 WHERE `item_no`=20036;	UPDATE `Product_Detail` SET `item_no`=24012 WHERE `item_no`=20036;
UPDATE `Product` SET `item_no`=24013 WHERE `item_no`=20037;	UPDATE `Product_Color` SET `item_no`=24013 WHERE `item_no`=20037;	UPDATE `Product_Detail` SET `item_no`=24013 WHERE `item_no`=20037;
UPDATE `Product` SET `item_no`=24100 WHERE `item_no`=20038;	UPDATE `Product_Color` SET `item_no`=24100 WHERE `item_no`=20038;	UPDATE `Product_Detail` SET `item_no`=24100 WHERE `item_no`=20038;
UPDATE `Product` SET `item_no`=24101 WHERE `item_no`=20039;	UPDATE `Product_Color` SET `item_no`=24101 WHERE `item_no`=20039;	UPDATE `Product_Detail` SET `item_no`=24101 WHERE `item_no`=20039;
UPDATE `Product` SET `item_no`=24102 WHERE `item_no`=20040;	UPDATE `Product_Color` SET `item_no`=24102 WHERE `item_no`=20040;	UPDATE `Product_Detail` SET `item_no`=24102 WHERE `item_no`=20040;
UPDATE `Product` SET `item_no`=24103 WHERE `item_no`=20041;	UPDATE `Product_Color` SET `item_no`=24103 WHERE `item_no`=20041;	UPDATE `Product_Detail` SET `item_no`=24103 WHERE `item_no`=20041;
UPDATE `Product` SET `item_no`=24104 WHERE `item_no`=20042;	UPDATE `Product_Color` SET `item_no`=24104 WHERE `item_no`=20042;	UPDATE `Product_Detail` SET `item_no`=24104 WHERE `item_no`=20042;
UPDATE `Product` SET `item_no`=24105 WHERE `item_no`=20043;	UPDATE `Product_Color` SET `item_no`=24105 WHERE `item_no`=20043;	UPDATE `Product_Detail` SET `item_no`=24105 WHERE `item_no`=20043;
UPDATE `Product` SET `item_no`=24106 WHERE `item_no`=20044;	UPDATE `Product_Color` SET `item_no`=24106 WHERE `item_no`=20044;	UPDATE `Product_Detail` SET `item_no`=24106 WHERE `item_no`=20044;
UPDATE `Product` SET `item_no`=24107 WHERE `item_no`=20045;	UPDATE `Product_Color` SET `item_no`=24107 WHERE `item_no`=20045;	UPDATE `Product_Detail` SET `item_no`=24107 WHERE `item_no`=20045;
UPDATE `Product` SET `item_no`=24108 WHERE `item_no`=20046;	UPDATE `Product_Color` SET `item_no`=24108 WHERE `item_no`=20046;	UPDATE `Product_Detail` SET `item_no`=24108 WHERE `item_no`=20046;
UPDATE `Product` SET `item_no`=24109 WHERE `item_no`=20047;	UPDATE `Product_Color` SET `item_no`=24109 WHERE `item_no`=20047;	UPDATE `Product_Detail` SET `item_no`=24109 WHERE `item_no`=20047;
UPDATE `Product` SET `item_no`=24110 WHERE `item_no`=20048;	UPDATE `Product_Color` SET `item_no`=24110 WHERE `item_no`=20048;	UPDATE `Product_Detail` SET `item_no`=24110 WHERE `item_no`=20048;
UPDATE `Product` SET `item_no`=24111 WHERE `item_no`=20049;	UPDATE `Product_Color` SET `item_no`=24111 WHERE `item_no`=20049;	UPDATE `Product_Detail` SET `item_no`=24111 WHERE `item_no`=20049;
UPDATE `Product` SET `item_no`=24112 WHERE `item_no`=20050;	UPDATE `Product_Color` SET `item_no`=24112 WHERE `item_no`=20050;	UPDATE `Product_Detail` SET `item_no`=24112 WHERE `item_no`=20050;
UPDATE `Product` SET `item_no`=24113 WHERE `item_no`=20051;	UPDATE `Product_Color` SET `item_no`=24113 WHERE `item_no`=20051;	UPDATE `Product_Detail` SET `item_no`=24113 WHERE `item_no`=20051;
UPDATE `Product` SET `item_no`=24200 WHERE `item_no`=20052;	UPDATE `Product_Color` SET `item_no`=24200 WHERE `item_no`=20052;	UPDATE `Product_Detail` SET `item_no`=24200 WHERE `item_no`=20052;
UPDATE `Product` SET `item_no`=24201 WHERE `item_no`=20053;	UPDATE `Product_Color` SET `item_no`=24201 WHERE `item_no`=20053;	UPDATE `Product_Detail` SET `item_no`=24201 WHERE `item_no`=20053;
UPDATE `Product` SET `item_no`=24202 WHERE `item_no`=20054;	UPDATE `Product_Color` SET `item_no`=24202 WHERE `item_no`=20054;	UPDATE `Product_Detail` SET `item_no`=24202 WHERE `item_no`=20054;
UPDATE `Product` SET `item_no`=24203 WHERE `item_no`=20055;	UPDATE `Product_Color` SET `item_no`=24203 WHERE `item_no`=20055;	UPDATE `Product_Detail` SET `item_no`=24203 WHERE `item_no`=20055;
UPDATE `Product` SET `item_no`=24204 WHERE `item_no`=20056;	UPDATE `Product_Color` SET `item_no`=24204 WHERE `item_no`=20056;	UPDATE `Product_Detail` SET `item_no`=24204 WHERE `item_no`=20056;
UPDATE `Product` SET `item_no`=24300 WHERE `item_no`=20057;	UPDATE `Product_Color` SET `item_no`=24300 WHERE `item_no`=20057;	UPDATE `Product_Detail` SET `item_no`=24300 WHERE `item_no`=20057;
UPDATE `Product` SET `item_no`=24301 WHERE `item_no`=20058;	UPDATE `Product_Color` SET `item_no`=24301 WHERE `item_no`=20058;	UPDATE `Product_Detail` SET `item_no`=24301 WHERE `item_no`=20058;
UPDATE `Product` SET `item_no`=24302 WHERE `item_no`=20059;	UPDATE `Product_Color` SET `item_no`=24302 WHERE `item_no`=20059;	UPDATE `Product_Detail` SET `item_no`=24302 WHERE `item_no`=20059;
UPDATE `Product` SET `item_no`=24303 WHERE `item_no`=20060;	UPDATE `Product_Color` SET `item_no`=24303 WHERE `item_no`=20060;	UPDATE `Product_Detail` SET `item_no`=24303 WHERE `item_no`=20060;
UPDATE `Product` SET `item_no`=24304 WHERE `item_no`=20061;	UPDATE `Product_Color` SET `item_no`=24304 WHERE `item_no`=20061;	UPDATE `Product_Detail` SET `item_no`=24304 WHERE `item_no`=20061;
UPDATE `Product` SET `item_no`=24305 WHERE `item_no`=20062;	UPDATE `Product_Color` SET `item_no`=24305 WHERE `item_no`=20062;	UPDATE `Product_Detail` SET `item_no`=24305 WHERE `item_no`=20062;
UPDATE `Product` SET `item_no`=24306 WHERE `item_no`=20063;	UPDATE `Product_Color` SET `item_no`=24306 WHERE `item_no`=20063;	UPDATE `Product_Detail` SET `item_no`=24306 WHERE `item_no`=20063;
UPDATE `Product` SET `item_no`=35000 WHERE `item_no`=30001;	UPDATE `Product_Color` SET `item_no`=35000 WHERE `item_no`=30001;	UPDATE `Product_Detail` SET `item_no`=35000 WHERE `item_no`=30001;
UPDATE `Product` SET `item_no`=35100 WHERE `item_no`=30002;	UPDATE `Product_Color` SET `item_no`=35100 WHERE `item_no`=30002;	UPDATE `Product_Detail` SET `item_no`=35100 WHERE `item_no`=30002;
UPDATE `Product` SET `item_no`=35101 WHERE `item_no`=30003;	UPDATE `Product_Color` SET `item_no`=35101 WHERE `item_no`=30003;	UPDATE `Product_Detail` SET `item_no`=35101 WHERE `item_no`=30003;
UPDATE `Product` SET `item_no`=35102 WHERE `item_no`=30004;	UPDATE `Product_Color` SET `item_no`=35102 WHERE `item_no`=30004;	UPDATE `Product_Detail` SET `item_no`=35102 WHERE `item_no`=30004;
UPDATE `Product` SET `item_no`=35103 WHERE `item_no`=30005;	UPDATE `Product_Color` SET `item_no`=35103 WHERE `item_no`=30005;	UPDATE `Product_Detail` SET `item_no`=35103 WHERE `item_no`=30005;
UPDATE `Product` SET `item_no`=35104 WHERE `item_no`=30006;	UPDATE `Product_Color` SET `item_no`=35104 WHERE `item_no`=30006;	UPDATE `Product_Detail` SET `item_no`=35104 WHERE `item_no`=30006;
UPDATE `Product` SET `item_no`=35105 WHERE `item_no`=30007;	UPDATE `Product_Color` SET `item_no`=35105 WHERE `item_no`=30007;	UPDATE `Product_Detail` SET `item_no`=35105 WHERE `item_no`=30007;
UPDATE `Product` SET `item_no`=35106 WHERE `item_no`=30008;	UPDATE `Product_Color` SET `item_no`=35106 WHERE `item_no`=30008;	UPDATE `Product_Detail` SET `item_no`=35106 WHERE `item_no`=30008;
UPDATE `Product` SET `item_no`=35107 WHERE `item_no`=30009;	UPDATE `Product_Color` SET `item_no`=35107 WHERE `item_no`=30009;	UPDATE `Product_Detail` SET `item_no`=35107 WHERE `item_no`=30009;
UPDATE `Product` SET `item_no`=35108 WHERE `item_no`=30010;	UPDATE `Product_Color` SET `item_no`=35108 WHERE `item_no`=30010;	UPDATE `Product_Detail` SET `item_no`=35108 WHERE `item_no`=30010;
UPDATE `Product` SET `item_no`=35109 WHERE `item_no`=30011;	UPDATE `Product_Color` SET `item_no`=35109 WHERE `item_no`=30011;	UPDATE `Product_Detail` SET `item_no`=35109 WHERE `item_no`=30011;
UPDATE `Product` SET `item_no`=36000 WHERE `item_no`=30012;	UPDATE `Product_Color` SET `item_no`=36000 WHERE `item_no`=30012;	UPDATE `Product_Detail` SET `item_no`=36000 WHERE `item_no`=30012;
UPDATE `Product` SET `item_no`=36001 WHERE `item_no`=30013;	UPDATE `Product_Color` SET `item_no`=36001 WHERE `item_no`=30013;	UPDATE `Product_Detail` SET `item_no`=36001 WHERE `item_no`=30013;
UPDATE `Product` SET `item_no`=36002 WHERE `item_no`=30014;	UPDATE `Product_Color` SET `item_no`=36002 WHERE `item_no`=30014;	UPDATE `Product_Detail` SET `item_no`=36002 WHERE `item_no`=30014;
UPDATE `Product` SET `item_no`=36003 WHERE `item_no`=30015;	UPDATE `Product_Color` SET `item_no`=36003 WHERE `item_no`=30015;	UPDATE `Product_Detail` SET `item_no`=36003 WHERE `item_no`=30015;
UPDATE `Product` SET `item_no`=36004 WHERE `item_no`=30016;	UPDATE `Product_Color` SET `item_no`=36004 WHERE `item_no`=30016;	UPDATE `Product_Detail` SET `item_no`=36004 WHERE `item_no`=30016;
UPDATE `Product` SET `item_no`=36005 WHERE `item_no`=30017;	UPDATE `Product_Color` SET `item_no`=36005 WHERE `item_no`=30017;	UPDATE `Product_Detail` SET `item_no`=36005 WHERE `item_no`=30017;
UPDATE `Product` SET `item_no`=36006 WHERE `item_no`=30018;	UPDATE `Product_Color` SET `item_no`=36006 WHERE `item_no`=30018;	UPDATE `Product_Detail` SET `item_no`=36006 WHERE `item_no`=30018;
UPDATE `Product` SET `item_no`=36007 WHERE `item_no`=30019;	UPDATE `Product_Color` SET `item_no`=36007 WHERE `item_no`=30019;	UPDATE `Product_Detail` SET `item_no`=36007 WHERE `item_no`=30019;
UPDATE `Product` SET `item_no`=36008 WHERE `item_no`=30020;	UPDATE `Product_Color` SET `item_no`=36008 WHERE `item_no`=30020;	UPDATE `Product_Detail` SET `item_no`=36008 WHERE `item_no`=30020;
UPDATE `Product` SET `item_no`=36009 WHERE `item_no`=30021;	UPDATE `Product_Color` SET `item_no`=36009 WHERE `item_no`=30021;	UPDATE `Product_Detail` SET `item_no`=36009 WHERE `item_no`=30021;
UPDATE `Product` SET `item_no`=36010 WHERE `item_no`=30022;	UPDATE `Product_Color` SET `item_no`=36010 WHERE `item_no`=30022;	UPDATE `Product_Detail` SET `item_no`=36010 WHERE `item_no`=30022;
UPDATE `Product` SET `item_no`=36011 WHERE `item_no`=30023;	UPDATE `Product_Color` SET `item_no`=36011 WHERE `item_no`=30023;	UPDATE `Product_Detail` SET `item_no`=36011 WHERE `item_no`=30023;
UPDATE `Product` SET `item_no`=36012 WHERE `item_no`=30024;	UPDATE `Product_Color` SET `item_no`=36012 WHERE `item_no`=30024;	UPDATE `Product_Detail` SET `item_no`=36012 WHERE `item_no`=30024;
UPDATE `Product` SET `item_no`=36013 WHERE `item_no`=30025;	UPDATE `Product_Color` SET `item_no`=36013 WHERE `item_no`=30025;	UPDATE `Product_Detail` SET `item_no`=36013 WHERE `item_no`=30025;
UPDATE `Product` SET `item_no`=36014 WHERE `item_no`=30026;	UPDATE `Product_Color` SET `item_no`=36014 WHERE `item_no`=30026;	UPDATE `Product_Detail` SET `item_no`=36014 WHERE `item_no`=30026;
UPDATE `Product` SET `item_no`=36015 WHERE `item_no`=30027;	UPDATE `Product_Color` SET `item_no`=36015 WHERE `item_no`=30027;	UPDATE `Product_Detail` SET `item_no`=36015 WHERE `item_no`=30027;
UPDATE `Product` SET `item_no`=36016 WHERE `item_no`=30028;	UPDATE `Product_Color` SET `item_no`=36016 WHERE `item_no`=30028;	UPDATE `Product_Detail` SET `item_no`=36016 WHERE `item_no`=30028;
UPDATE `Product` SET `item_no`=36017 WHERE `item_no`=30029;	UPDATE `Product_Color` SET `item_no`=36017 WHERE `item_no`=30029;	UPDATE `Product_Detail` SET `item_no`=36017 WHERE `item_no`=30029;
UPDATE `Product` SET `item_no`=36018 WHERE `item_no`=30030;	UPDATE `Product_Color` SET `item_no`=36018 WHERE `item_no`=30030;	UPDATE `Product_Detail` SET `item_no`=36018 WHERE `item_no`=30030;
UPDATE `Product` SET `item_no`=36019 WHERE `item_no`=30031;	UPDATE `Product_Color` SET `item_no`=36019 WHERE `item_no`=30031;	UPDATE `Product_Detail` SET `item_no`=36019 WHERE `item_no`=30031;
UPDATE `Product` SET `item_no`=36020 WHERE `item_no`=30032;	UPDATE `Product_Color` SET `item_no`=36020 WHERE `item_no`=30032;	UPDATE `Product_Detail` SET `item_no`=36020 WHERE `item_no`=30032;
UPDATE `Product` SET `item_no`=36021 WHERE `item_no`=30033;	UPDATE `Product_Color` SET `item_no`=36021 WHERE `item_no`=30033;	UPDATE `Product_Detail` SET `item_no`=36021 WHERE `item_no`=30033;
UPDATE `Product` SET `item_no`=36022 WHERE `item_no`=30034;	UPDATE `Product_Color` SET `item_no`=36022 WHERE `item_no`=30034;	UPDATE `Product_Detail` SET `item_no`=36022 WHERE `item_no`=30034;
UPDATE `Product` SET `item_no`=36023 WHERE `item_no`=30035;	UPDATE `Product_Color` SET `item_no`=36023 WHERE `item_no`=30035;	UPDATE `Product_Detail` SET `item_no`=36023 WHERE `item_no`=30035;
UPDATE `Product` SET `item_no`=36024 WHERE `item_no`=30036;	UPDATE `Product_Color` SET `item_no`=36024 WHERE `item_no`=30036;	UPDATE `Product_Detail` SET `item_no`=36024 WHERE `item_no`=30036;
UPDATE `Product` SET `item_no`=36025 WHERE `item_no`=30037;	UPDATE `Product_Color` SET `item_no`=36025 WHERE `item_no`=30037;	UPDATE `Product_Detail` SET `item_no`=36025 WHERE `item_no`=30037;
UPDATE `Product` SET `item_no`=36026 WHERE `item_no`=30038;	UPDATE `Product_Color` SET `item_no`=36026 WHERE `item_no`=30038;	UPDATE `Product_Detail` SET `item_no`=36026 WHERE `item_no`=30038;
UPDATE `Product` SET `item_no`=36027 WHERE `item_no`=30039;	UPDATE `Product_Color` SET `item_no`=36027 WHERE `item_no`=30039;	UPDATE `Product_Detail` SET `item_no`=36027 WHERE `item_no`=30039;
UPDATE `Product` SET `item_no`=36028 WHERE `item_no`=30040;	UPDATE `Product_Color` SET `item_no`=36028 WHERE `item_no`=30040;	UPDATE `Product_Detail` SET `item_no`=36028 WHERE `item_no`=30040;
UPDATE `Product` SET `item_no`=36029 WHERE `item_no`=30041;	UPDATE `Product_Color` SET `item_no`=36029 WHERE `item_no`=30041;	UPDATE `Product_Detail` SET `item_no`=36029 WHERE `item_no`=30041;
UPDATE `Product` SET `item_no`=36030 WHERE `item_no`=30042;	UPDATE `Product_Color` SET `item_no`=36030 WHERE `item_no`=30042;	UPDATE `Product_Detail` SET `item_no`=36030 WHERE `item_no`=30042;
UPDATE `Product` SET `item_no`=36100 WHERE `item_no`=30043;	UPDATE `Product_Color` SET `item_no`=36100 WHERE `item_no`=30043;	UPDATE `Product_Detail` SET `item_no`=36100 WHERE `item_no`=30043;
UPDATE `Product` SET `item_no`=36101 WHERE `item_no`=30044;	UPDATE `Product_Color` SET `item_no`=36101 WHERE `item_no`=30044;	UPDATE `Product_Detail` SET `item_no`=36101 WHERE `item_no`=30044;
UPDATE `Product` SET `item_no`=38000 WHERE `item_no`=30045;	UPDATE `Product_Color` SET `item_no`=38000 WHERE `item_no`=30045;	UPDATE `Product_Detail` SET `item_no`=38000 WHERE `item_no`=30045;
UPDATE `Product` SET `item_no`=38001 WHERE `item_no`=30046;	UPDATE `Product_Color` SET `item_no`=38001 WHERE `item_no`=30046;	UPDATE `Product_Detail` SET `item_no`=38001 WHERE `item_no`=30046;
UPDATE `Product` SET `item_no`=38002 WHERE `item_no`=30047;	UPDATE `Product_Color` SET `item_no`=38002 WHERE `item_no`=30047;	UPDATE `Product_Detail` SET `item_no`=38002 WHERE `item_no`=30047;
UPDATE `Product` SET `item_no`=38003 WHERE `item_no`=30048;	UPDATE `Product_Color` SET `item_no`=38003 WHERE `item_no`=30048;	UPDATE `Product_Detail` SET `item_no`=38003 WHERE `item_no`=30048;
UPDATE `Product` SET `item_no`=38004 WHERE `item_no`=30049;	UPDATE `Product_Color` SET `item_no`=38004 WHERE `item_no`=30049;	UPDATE `Product_Detail` SET `item_no`=38004 WHERE `item_no`=30049;
UPDATE `Product` SET `item_no`=38005 WHERE `item_no`=30050;	UPDATE `Product_Color` SET `item_no`=38005 WHERE `item_no`=30050;	UPDATE `Product_Detail` SET `item_no`=38005 WHERE `item_no`=30050;
UPDATE `Product` SET `item_no`=38006 WHERE `item_no`=30051;	UPDATE `Product_Color` SET `item_no`=38006 WHERE `item_no`=30051;	UPDATE `Product_Detail` SET `item_no`=38006 WHERE `item_no`=30051;
UPDATE `Product` SET `item_no`=38007 WHERE `item_no`=30052;	UPDATE `Product_Color` SET `item_no`=38007 WHERE `item_no`=30052;	UPDATE `Product_Detail` SET `item_no`=38007 WHERE `item_no`=30052;
UPDATE `Product` SET `item_no`=38008 WHERE `item_no`=30053;	UPDATE `Product_Color` SET `item_no`=38008 WHERE `item_no`=30053;	UPDATE `Product_Detail` SET `item_no`=38008 WHERE `item_no`=30053;
UPDATE `Product` SET `item_no`=38009 WHERE `item_no`=30054;	UPDATE `Product_Color` SET `item_no`=38009 WHERE `item_no`=30054;	UPDATE `Product_Detail` SET `item_no`=38009 WHERE `item_no`=30054;
UPDATE `Product` SET `item_no`=38010 WHERE `item_no`=30055;	UPDATE `Product_Color` SET `item_no`=38010 WHERE `item_no`=30055;	UPDATE `Product_Detail` SET `item_no`=38010 WHERE `item_no`=30055;
UPDATE `Product` SET `item_no`=38011 WHERE `item_no`=30056;	UPDATE `Product_Color` SET `item_no`=38011 WHERE `item_no`=30056;	UPDATE `Product_Detail` SET `item_no`=38011 WHERE `item_no`=30056;
UPDATE `Product` SET `item_no`=38100 WHERE `item_no`=30057;	UPDATE `Product_Color` SET `item_no`=38100 WHERE `item_no`=30057;	UPDATE `Product_Detail` SET `item_no`=38100 WHERE `item_no`=30057;
UPDATE `Product` SET `item_no`=38101 WHERE `item_no`=30058;	UPDATE `Product_Color` SET `item_no`=38101 WHERE `item_no`=30058;	UPDATE `Product_Detail` SET `item_no`=38101 WHERE `item_no`=30058;
UPDATE `Product` SET `item_no`=38102 WHERE `item_no`=30059;	UPDATE `Product_Color` SET `item_no`=38102 WHERE `item_no`=30059;	UPDATE `Product_Detail` SET `item_no`=38102 WHERE `item_no`=30059;
UPDATE `Product` SET `item_no`=38103 WHERE `item_no`=30060;	UPDATE `Product_Color` SET `item_no`=38103 WHERE `item_no`=30060;	UPDATE `Product_Detail` SET `item_no`=38103 WHERE `item_no`=30060;
UPDATE `Product` SET `item_no`=38200 WHERE `item_no`=30061;	UPDATE `Product_Color` SET `item_no`=38200 WHERE `item_no`=30061;	UPDATE `Product_Detail` SET `item_no`=38200 WHERE `item_no`=30061;
UPDATE `Product` SET `item_no`=38201 WHERE `item_no`=30062;	UPDATE `Product_Color` SET `item_no`=38201 WHERE `item_no`=30062;	UPDATE `Product_Detail` SET `item_no`=38201 WHERE `item_no`=30062;
UPDATE `Product` SET `item_no`=38202 WHERE `item_no`=30063;	UPDATE `Product_Color` SET `item_no`=38202 WHERE `item_no`=30063;	UPDATE `Product_Detail` SET `item_no`=38202 WHERE `item_no`=30063;
UPDATE `Product` SET `item_no`=38300 WHERE `item_no`=30064;	UPDATE `Product_Color` SET `item_no`=38300 WHERE `item_no`=30064;	UPDATE `Product_Detail` SET `item_no`=38300 WHERE `item_no`=30064;
UPDATE `Product` SET `item_no`=38301 WHERE `item_no`=30065;	UPDATE `Product_Color` SET `item_no`=38301 WHERE `item_no`=30065;	UPDATE `Product_Detail` SET `item_no`=38301 WHERE `item_no`=30065;
UPDATE `Product` SET `item_no`=38302 WHERE `item_no`=30066;	UPDATE `Product_Color` SET `item_no`=38302 WHERE `item_no`=30066;	UPDATE `Product_Detail` SET `item_no`=38302 WHERE `item_no`=30066;
UPDATE `Product` SET `item_no`=38303 WHERE `item_no`=30067;	UPDATE `Product_Color` SET `item_no`=38303 WHERE `item_no`=30067;	UPDATE `Product_Detail` SET `item_no`=38303 WHERE `item_no`=30067;
UPDATE `Product` SET `item_no`=38304 WHERE `item_no`=30068;	UPDATE `Product_Color` SET `item_no`=38304 WHERE `item_no`=30068;	UPDATE `Product_Detail` SET `item_no`=38304 WHERE `item_no`=30068;
UPDATE `Product` SET `item_no`=38400 WHERE `item_no`=30069;	UPDATE `Product_Color` SET `item_no`=38400 WHERE `item_no`=30069;	UPDATE `Product_Detail` SET `item_no`=38400 WHERE `item_no`=30069;
UPDATE `Product` SET `item_no`=38401 WHERE `item_no`=30070;	UPDATE `Product_Color` SET `item_no`=38401 WHERE `item_no`=30070;	UPDATE `Product_Detail` SET `item_no`=38401 WHERE `item_no`=30070;
UPDATE `Product` SET `item_no`=47000 WHERE `item_no`=40001;	UPDATE `Product_Color` SET `item_no`=47000 WHERE `item_no`=40001;	UPDATE `Product_Detail` SET `item_no`=47000 WHERE `item_no`=40001;
UPDATE `Product` SET `item_no`=47001 WHERE `item_no`=40002;	UPDATE `Product_Color` SET `item_no`=47001 WHERE `item_no`=40002;	UPDATE `Product_Detail` SET `item_no`=47001 WHERE `item_no`=40002;
UPDATE `Product` SET `item_no`=47002 WHERE `item_no`=40003;	UPDATE `Product_Color` SET `item_no`=47002 WHERE `item_no`=40003;	UPDATE `Product_Detail` SET `item_no`=47002 WHERE `item_no`=40003;
UPDATE `Product` SET `item_no`=47003 WHERE `item_no`=40004;	UPDATE `Product_Color` SET `item_no`=47003 WHERE `item_no`=40004;	UPDATE `Product_Detail` SET `item_no`=47003 WHERE `item_no`=40004;
UPDATE `Product` SET `item_no`=47004 WHERE `item_no`=40005;	UPDATE `Product_Color` SET `item_no`=47004 WHERE `item_no`=40005;	UPDATE `Product_Detail` SET `item_no`=47004 WHERE `item_no`=40005;
UPDATE `Product` SET `item_no`=47005 WHERE `item_no`=40006;	UPDATE `Product_Color` SET `item_no`=47005 WHERE `item_no`=40006;	UPDATE `Product_Detail` SET `item_no`=47005 WHERE `item_no`=40006;
UPDATE `Product` SET `item_no`=47006 WHERE `item_no`=40007;	UPDATE `Product_Color` SET `item_no`=47006 WHERE `item_no`=40007;	UPDATE `Product_Detail` SET `item_no`=47006 WHERE `item_no`=40007;
UPDATE `Product` SET `item_no`=47007 WHERE `item_no`=40008;	UPDATE `Product_Color` SET `item_no`=47007 WHERE `item_no`=40008;	UPDATE `Product_Detail` SET `item_no`=47007 WHERE `item_no`=40008;
UPDATE `Product` SET `item_no`=47008 WHERE `item_no`=40009;	UPDATE `Product_Color` SET `item_no`=47008 WHERE `item_no`=40009;	UPDATE `Product_Detail` SET `item_no`=47008 WHERE `item_no`=40009;
UPDATE `Product` SET `item_no`=55000 WHERE `item_no`=50001;	UPDATE `Product_Color` SET `item_no`=55000 WHERE `item_no`=50001;	UPDATE `Product_Detail` SET `item_no`=55000 WHERE `item_no`=50001;
UPDATE `Product` SET `item_no`=55001 WHERE `item_no`=50002;	UPDATE `Product_Color` SET `item_no`=55001 WHERE `item_no`=50002;	UPDATE `Product_Detail` SET `item_no`=55001 WHERE `item_no`=50002;
UPDATE `Product` SET `item_no`=55002 WHERE `item_no`=50003;	UPDATE `Product_Color` SET `item_no`=55002 WHERE `item_no`=50003;	UPDATE `Product_Detail` SET `item_no`=55002 WHERE `item_no`=50003;
UPDATE `Product` SET `item_no`=55003 WHERE `item_no`=50004;	UPDATE `Product_Color` SET `item_no`=55003 WHERE `item_no`=50004;	UPDATE `Product_Detail` SET `item_no`=55003 WHERE `item_no`=50004;
UPDATE `Product` SET `item_no`=55004 WHERE `item_no`=50005;	UPDATE `Product_Color` SET `item_no`=55004 WHERE `item_no`=50005;	UPDATE `Product_Detail` SET `item_no`=55004 WHERE `item_no`=50005;
UPDATE `Product` SET `item_no`=55100 WHERE `item_no`=50006;	UPDATE `Product_Color` SET `item_no`=55100 WHERE `item_no`=50006;	UPDATE `Product_Detail` SET `item_no`=55100 WHERE `item_no`=50006;
UPDATE `Product` SET `item_no`=55200 WHERE `item_no`=50007;	UPDATE `Product_Color` SET `item_no`=55200 WHERE `item_no`=50007;	UPDATE `Product_Detail` SET `item_no`=55200 WHERE `item_no`=50007;
UPDATE `Product` SET `item_no`=55201 WHERE `item_no`=50008;	UPDATE `Product_Color` SET `item_no`=55201 WHERE `item_no`=50008;	UPDATE `Product_Detail` SET `item_no`=55201 WHERE `item_no`=50008;
UPDATE `Product` SET `item_no`=55202 WHERE `item_no`=50009;	UPDATE `Product_Color` SET `item_no`=55202 WHERE `item_no`=50009;	UPDATE `Product_Detail` SET `item_no`=55202 WHERE `item_no`=50009;
		
UPDATE `Product` SET `item_no`=55300 WHERE `item_no`=50010;	UPDATE `Product_Color` SET `item_no`=55300 WHERE `item_no`=50010;	UPDATE `Product_Detail` SET `item_no`=55300 WHERE `item_no`=50010;
UPDATE `Product` SET `item_no`=55301 WHERE `item_no`=50011;	UPDATE `Product_Color` SET `item_no`=55301 WHERE `item_no`=50011;	UPDATE `Product_Detail` SET `item_no`=55301 WHERE `item_no`=50011;
UPDATE `Product` SET `item_no`=55302 WHERE `item_no`=50012;	UPDATE `Product_Color` SET `item_no`=55302 WHERE `item_no`=50012;	UPDATE `Product_Detail` SET `item_no`=55302 WHERE `item_no`=50012

--Fix old products
UPDATE `Product_Detail` SET `dimension`= '<ul><li>7 inches</li></ul>' WHERE `item_no`=36000 AND `size`= 'S';
UPDATE `Product_Detail` SET `dimension`= '<ul><li>9 inches</li></ul>' WHERE `item_no`=36000 AND `size`= 'L';
UPDATE `Product_Detail` SET `dimension`= '<ul><li>12 inches</li></ul>' WHERE `item_no`=36001 AND `size`= 'XL';
UPDATE `Product_Detail` SET `dimension`= '<ul><li>9 inches</li></ul>' WHERE `item_no`=36001 AND `size`= 'L';
UPDATE `Product_Detail` SET `dimension`= '<ul><li>7 inches</li></ul>' WHERE `item_no`=36005 AND `size`= 'S';
UPDATE `Product_Detail` SET `dimension`= '<ul><li>10 inches</li></ul>' WHERE `item_no`=36005 AND `size`= 'L';
UPDATE `Product_Detail` SET `dimension`= '<ul><li>7 inches</li></ul>' WHERE `item_no`=36006 AND `size`= 'S';
UPDATE `Product_Detail` SET `dimension`= '<ul><li>10 inches</li></ul>' WHERE `item_no`=36006 AND `size`= 'L';
UPDATE `Product_Detail` SET `dimension`= '<ul><li>3 inches</li></ul>' WHERE `item_no`=36008 AND `size`= 'S';
UPDATE `Product_Detail` SET `dimension`= '<ul><li>5 inches</li></ul>' WHERE `item_no`=36008 AND `size`= 'L';
UPDATE `Product_Detail` SET `dimension`= '<ul><li>7 inches</li></ul>' WHERE `item_no`=36009 AND `size`= 'S';
UPDATE `Product_Detail` SET `dimension`= '<ul><li>9 inches</li></ul>' WHERE `item_no`=36009 AND `size`= 'L';
UPDATE `Product_Detail` SET `dimension`= '<ul><li>12 inches</li></ul>' WHERE `item_no`=36009 AND `size`= 'XL';
UPDATE `Product_Detail` SET `dimension`= '<ul><li>4 inches</li></ul>' WHERE `item_no`=36010 AND `size`= 'S';
UPDATE `Product_Detail` SET `dimension`= '<ul><li>6 inches</li></ul>' WHERE `item_no`=36010 AND `size`= 'L';
UPDATE `Product_Detail` SET `dimension`= '<ul><li>6 inches</li></ul>' WHERE `item_no`=36011 AND `size`= 'S';
UPDATE `Product_Detail` SET `dimension`= '<ul><li>8 inches</li></ul>' WHERE `item_no`=36011 AND `size`= 'L';
UPDATE `Product_Detail` SET `dimension`= '<ul><li>5 inches</li></ul>' WHERE `item_no`=36012 AND `size`= 'S';
UPDATE `Product_Detail` SET `dimension`= '<ul><li>7 inches</li></ul>' WHERE `item_no`=36012 AND `size`= 'L';
UPDATE `Product_Detail` SET `dimension`= '<ul><li>9 inches</li></ul>' WHERE `item_no`=36013 AND `size`= 'S';
UPDATE `Product_Detail` SET `dimension`= '<ul><li>11 inches</li></ul>' WHERE `item_no`=36013 AND `size`= 'L';
UPDATE `Product_Detail` SET `dimension`= '<ul><li>16 inches</li></ul>' WHERE `item_no`=36013 AND `size`= 'XL';
UPDATE `Product_Detail` SET `dimension`= '<ul><li>4 inches</li></ul>' WHERE `item_no`=36014 AND `size`= 'S';
UPDATE `Product_Detail` SET `dimension`= '<ul><li>6 inches</li></ul>' WHERE `item_no`=36014 AND `size`= 'L';
UPDATE `Product_Detail` SET `dimension`= '<ul><li>7 inches</li></ul>' WHERE `item_no`=36015 AND `size`= 'S';
UPDATE `Product_Detail` SET `dimension`= '<ul><li>9 inches</li></ul>' WHERE `item_no`=36015 AND `size`= 'L';
UPDATE `Product_Detail` SET `dimension`= '<ul><li>5 inches</li></ul>' WHERE `item_no`=36016 AND `size`= 'S';
UPDATE `Product_Detail` SET `dimension`= '<ul><li>7 inches</li></ul>' WHERE `item_no`=36016 AND `size`= 'L';
UPDATE `Product_Detail` SET `dimension`= '<ul><li>5 inches</li></ul>' WHERE `item_no`=36018 AND `size`= 'S';
UPDATE `Product_Detail` SET `dimension`= '<ul><li>7 inches</li></ul>' WHERE `item_no`=36018 AND `size`= 'L';
UPDATE `Product_Detail` SET `dimension`= '<ul><li>4 inches</li></ul>' WHERE `item_no`=36021 AND `size`= 'S';
UPDATE `Product_Detail` SET `dimension`= '<ul><li>13 inches</li></ul>' WHERE `item_no`=36019 AND `size`= 'XL';
UPDATE `Product_Detail` SET `dimension`= '<ul><li>10 inches</li></ul>' WHERE `item_no`=36019 AND `size`= 'L';
UPDATE `Product_Detail` SET `dimension`= '<ul><li>5 inches</li></ul>' WHERE `item_no`=36021 AND `size`= 'L';
UPDATE `Product_Detail` SET `dimension`= '<ul><li>4 inches</li></ul>' WHERE `item_no`=36100 AND `size`= 'S';
UPDATE `Product_Detail` SET `dimension`= '<ul><li>9 inches</li></ul>' WHERE `item_no`=36100 AND `size`= 'L';
UPDATE `Product_Detail` SET `dimension`= '<ul><li>12 inches</li></ul>' WHERE `item_no`=36101 AND `size`= 'L';
UPDATE `Product_Detail` SET `dimension`= '<ul><li>9 inches</li></ul>' WHERE `item_no`=36101 AND `size`= 'S';
UPDATE `Product_Detail` SET `dimension`= '<ul><li>The sizes of the openings range from 1.2" x 0.75" smallest) to 1.55" x 1.0" largest)</li></ul>' WHERE `item_no`=35000 AND `size`= 'ONE';
UPDATE `Product_Detail` SET `dimension`= '<ul><li>16.3" x 3.8" x 3.8"</li></ul>' WHERE `item_no`=35100 AND `size`= 'ONE';
UPDATE `Product_Detail` SET `dimension`= '<ul><li>7.5" x 6.1" x 2.0"</li></ul>' WHERE `item_no`=35101 AND `size`= 'ONE';
UPDATE `Product_Detail` SET `dimension`= '<ul><li>6.8" x 5.5" x 1.0"</li></ul>' WHERE `item_no`=35102 AND `size`= 'ONE';
UPDATE `Product_Detail` SET `dimension`= '<ul><li>9.0" x 6.3" x 2.0"</li></ul>' WHERE `item_no`=35103 AND `size`= 'ONE';
UPDATE `Product_Detail` SET `dimension`= '<ul><li>6.8" x 5.3" x 1.5"</li></ul>' WHERE `item_no`=35104 AND `size`= 'ONE';
UPDATE `Product_Detail` SET `dimension`= '<ul><li>9.5" x 2.0" x 2.0"</li></ul>' WHERE `item_no`=35105 AND `size`= 'ONE';
UPDATE `Product_Detail` SET `dimension`= '<ul><li>7.0" x 7.0" x 5.5"</li></ul>' WHERE `item_no`=35106 AND `size`= 'ONE';
UPDATE `Product_Detail` SET `dimension`= '<ul><li>9.0" x 3.0" x 1.0"</li></ul>' WHERE `item_no`=35107 AND `size`= 'ONE';
UPDATE `Product_Detail` SET `dimension`= '<ul><li>8.0" x 2.0" x 1.5"</li></ul>' WHERE `item_no`=35108 AND `size`= 'ONE';
UPDATE `Product_Detail` SET `dimension`= '<ul><li>6.0" x 6.0" x 5.5"</li></ul>' WHERE `item_no`=35109 AND `size`= 'ONE';
UPDATE `Product_Detail` SET `dimension`= '<ul><li>7 inches</li></ul>' WHERE `item_no`=36002 AND `size`= 'ONE';
UPDATE `Product_Detail` SET `dimension`= '<ul><li>7 inches</li></ul>' WHERE `item_no`=36003 AND `size`= 'ONE';
UPDATE `Product_Detail` SET `dimension`= '<ul><li>7 inches</li></ul>' WHERE `item_no`=36004 AND `size`= 'ONE';
UPDATE `Product_Detail` SET `dimension`= '<ul><li>9 inches</li></ul>' WHERE `item_no`=36007 AND `size`= 'ONE';
UPDATE `Product_Detail` SET `dimension`= '<ul><li>9 inches</li></ul>' WHERE `item_no`=36017 AND `size`= 'ONE';
UPDATE `Product_Detail` SET `dimension`= '<ul><li>6 inches</li></ul>' WHERE `item_no`=36020 AND `size`= 'ONE';
UPDATE `Product_Detail` SET `dimension`= '<ul><li>6 inches</li></ul>' WHERE `item_no`=36022 AND `size`= 'ONE';
UPDATE `Product_Detail` SET `dimension`= '<ul><li>12 inches</li></ul>' WHERE `item_no`=36023 AND `size`= 'ONE';
UPDATE `Product_Detail` SET `dimension`= '<ul><li>7 inches</li></ul>' WHERE `item_no`=36024 AND `size`= 'ONE';
UPDATE `Product_Detail` SET `dimension`= '<ul><li>7 inches</li></ul>' WHERE `item_no`=36025 AND `size`= 'ONE';
UPDATE `Product_Detail` SET `dimension`= '<ul><li>7 inches</li></ul>' WHERE `item_no`=36026 AND `size`= 'ONE';
UPDATE `Product_Detail` SET `dimension`= '<ul><li>9 inches</li></ul>' WHERE `item_no`=36027 AND `size`= 'ONE';
UPDATE `Product_Detail` SET `dimension`= '<ul><li>7 inches</li></ul>' WHERE `item_no`=36030 AND `size`= 'ONE';